{
  "type": "FeatureCollection",
  "features": [
    {
      "type": "Feature",
      "bbox": null,
      "geometry": {
        "type": "MultiPolygon",
        "coordinates": [
          [
            [
              [
                610531.6545000002,
                1603742.4480000008
              ],
              [
                610531.4655999998,
                1603637.0331999995
              ],
              [
                610448.9895000001,
                1603640.6071000006
              ],
              [
                610444.9313000003,
                1603610.7032999992
              ],
              [
                610413.1001000004,
                1603570.3344999999
              ],
              [
                610421.5307,
                1603532.5880999994
              ],
              [
                610814.3863000004,
                1603589.9688000008
              ],
              [
                610824.6277000001,
                1603549.9514000006
              ],
              [
                610828.1733999997,
                1603536.109099999
              ],
              [
                610828.0087000001,
                1603536.0777000003
              ],
              [
                610480.8940000003,
                1603478.9066000003
              ],
              [
                610300.5066999998,
                1603454.2677999996
              ],
              [
                610357.5835999995,
                1603540.0161000006
              ],
              [
                610444.5892000003,
                1603774.9387999997
              ],
              [
                610531.6545000002,
                1603742.4480000008
              ]
            ]
          ]
        ]
      },
      "properties": {
        "district": "Davanagere",
        "taluk": "Davanagere",
        "village": "Alur",
        "survey_number": "100",
        "source": "Karnataka LRI"
      }
    },
    {
      "type": "Feature",
      "bbox": null,
      "geometry": {
        "type": "MultiPolygon",
        "coordinates": [
          [
            [
              [
                610803.4374000002,
                1603637.6963999998
              ],
              [
                610814.3863000004,
                1603589.9688000008
              ],
              [
                610421.5307,
                1603532.5880999994
              ],
              [
                610413.1001000004,
                1603570.3344999999
              ],
              [
                610444.9313000003,
                1603610.7032999992
              ],
              [
                610448.9895000001,
                1603640.6071000006
              ],
              [
                610531.4655999998,
                1603637.0331999995
              ],
              [
                610531.6545000002,
                1603742.4480000008
              ],
              [
                610803.4374000002,
                1603637.6963999998
              ]
            ]
          ]
        ]
      },
      "properties": {
        "district": "Davanagere",
        "taluk": "Davanagere",
        "village": "Alur",
        "survey_number": "101",
        "source": "Karnataka LRI"
      }
    },
    {
      "type": "Feature",
      "bbox": null,
      "geometry": {
        "type": "MultiPolygon",
        "coordinates": [
          [
            [
              [
                610721.8815000001,
                1603947.3714000005
              ],
              [
                610724.3459000001,
                1603938.8213999998
              ],
              [
                610730.9814999998,
                1603915.4712000005
              ],
              [
                610736.4168999996,
                1603895.9622000009
              ],
              [
                610767.2998000002,
                1603778.3144000005
              ],
              [
                610769.6485000001,
                1603769.2108999994
              ],
              [
                610779.2281999998,
                1603731.987400001
              ],
              [
                610781.8393999999,
                1603721.8647000007
              ],
              [
                610803.4374000002,
                1603637.6963999998
              ],
              [
                610531.6545000002,
                1603742.4480000008
              ],
              [
                610444.5892000003,
                1603774.9387999997
              ],
              [
                610662.5458000004,
                1603918.0305000003
              ],
              [
                610719.5872,
                1603955.2776999995
              ],
              [
                610721.8815000001,
                1603947.3714000005
              ]
            ]
          ]
        ]
      },
      "properties": {
        "district": "Davanagere",
        "taluk": "Davanagere",
        "village": "Alur",
        "survey_number": "102",
        "source": "Karnataka LRI"
      }
    },
    {
      "type": "Feature",
      "bbox": null,
      "geometry": {
        "type": "MultiPolygon",
        "coordinates": [
          [
            [
              [
                609908.0705000004,
                1603957.7280000001
              ],
              [
                610182.3256999999,
                1603923.5198999997
              ],
              [
                610383.3564999998,
                1603923.4900000002
              ],
              [
                610719.5872,
                1603955.2776999995
              ],
              [
                610662.5458000004,
                1603918.0305000003
              ],
              [
                610444.5892000003,
                1603774.9387999997
              ],
              [
                610366.0129000004,
                1603806.0395
              ],
              [
                610345.6743000001,
                1603814.0382000003
              ],
              [
                610346.7992000002,
                1603821.0282000005
              ],
              [
                610269.8184000002,
                1603829.571799999
              ],
              [
                610147.1161000002,
                1603848.2081000004
              ],
              [
                610034.7143999999,
                1603875.9375999998
              ],
              [
                609974.5458000004,
                1603903.6180000007
              ],
              [
                609921.8251999998,
                1603917.3924000002
              ],
              [
                609873.7825999996,
                1603922.9563999996
              ],
              [
                609786.6173,
                1603971.1896000002
              ],
              [
                609908.0705000004,
                1603957.7280000001
              ]
            ]
          ]
        ]
      },
      "properties": {
        "district": "Davanagere",
        "taluk": "Davanagere",
        "village": "Alur",
        "survey_number": "103",
        "source": "Karnataka LRI"
      }
    },
    {
      "type": "Feature",
      "bbox": null,
      "geometry": {
        "type": "MultiPolygon",
        "coordinates": [
          [
            [
              [
                610143.3057000004,
                1603830.1259000003
              ],
              [
                610121.5471999999,
                1603629.4251000006
              ],
              [
                610114.6107000001,
                1603599.0382000003
              ],
              [
                610105.3498999998,
                1603560.5596999992
              ],
              [
                610103.9057,
                1603554.7350999992
              ],
              [
                610112.7706000004,
                1603523.7342000008
              ],
              [
                610052.5340999998,
                1603392.4548000004
              ],
              [
                610046.1387999998,
                1603025.7858000007
              ],
              [
                610003.733,
                1603024.7117999997
              ],
              [
                609977.8490000004,
                1603024.085000001
              ],
              [
                609979.1541999998,
                1603072.2474000007
              ],
              [
                609983.0089999996,
                1603230.7747000009
              ],
              [
                609999.1529000001,
                1603379.7094
              ],
              [
                610007.4244999997,
                1603527.8352000006
              ],
              [
                610007.7148000002,
                1603534.0528999995
              ],
              [
                610010.5903000003,
                1603637.2303
              ],
              [
                610013.6947999997,
                1603674.9592000004
              ],
              [
                610030.7764999997,
                1603860.2920999993
              ],
              [
                610143.3057000004,
                1603830.1259000003
              ]
            ]
          ]
        ]
      },
      "properties": {
        "district": "Davanagere",
        "taluk": "Davanagere",
        "village": "Alur",
        "survey_number": "104",
        "source": "Karnataka LRI"
      }
    },
    {
      "type": "Feature",
      "bbox": null,
      "geometry": {
        "type": "MultiPolygon",
        "coordinates": [
          [
            [
              [
                610179.8476,
                1603823.1596000008
              ],
              [
                610167.6435000002,
                1603671.9300999995
              ],
              [
                610194.5433,
                1603662.7498000003
              ],
              [
                610190.5138999997,
                1603652.9186000004
              ],
              [
                610136.3202,
                1603523.0283000004
              ],
              [
                610136.0332000004,
                1603522.046
              ],
              [
                610097.2984999996,
                1603394.4111000001
              ],
              [
                610097.6030000001,
                1603323.2202000003
              ],
              [
                610094.8178000003,
                1603170.8460000008
              ],
              [
                610090.9161999999,
                1603023.4120000005
              ],
              [
                610046.1387999998,
                1603025.7858000007
              ],
              [
                610052.5340999998,
                1603392.4548000004
              ],
              [
                610112.7706000004,
                1603523.7342000008
              ],
              [
                610103.9057,
                1603554.7350999992
              ],
              [
                610105.3498999998,
                1603560.5596999992
              ],
              [
                610114.6107000001,
                1603599.0382000003
              ],
              [
                610121.5471999999,
                1603629.4251000006
              ],
              [
                610143.3057000004,
                1603830.1259000003
              ],
              [
                610179.8476,
                1603823.1596000008
              ]
            ]
          ]
        ]
      },
      "properties": {
        "district": "Davanagere",
        "taluk": "Davanagere",
        "village": "Alur",
        "survey_number": "105",
        "source": "Karnataka LRI"
      }
    },
    {
      "type": "Feature",
      "bbox": null,
      "geometry": {
        "type": "MultiPolygon",
        "coordinates": [
          [
            [
              [
                610255.6305,
                1603804.882099999
              ],
              [
                610246.5093999999,
                1603727.9197000004
              ],
              [
                610255.4767000005,
                1603715.4790000003
              ],
              [
                610264.9484000001,
                1603702.3297000006
              ],
              [
                610158.9879999999,
                1603497.1030000001
              ],
              [
                610157.7753999997,
                1603494.8714000005
              ],
              [
                610155.6836999999,
                1603378.2654999997
              ],
              [
                610155.0010000002,
                1603017.3125
              ],
              [
                610090.9161999999,
                1603023.4120000005
              ],
              [
                610094.8178000003,
                1603170.8460000008
              ],
              [
                610097.6030000001,
                1603323.2202000003
              ],
              [
                610097.2984999996,
                1603394.4111000001
              ],
              [
                610136.0332000004,
                1603522.046
              ],
              [
                610136.3202,
                1603523.0283000004
              ],
              [
                610190.5138999997,
                1603652.9186000004
              ],
              [
                610194.5433,
                1603662.7498000003
              ],
              [
                610167.6435000002,
                1603671.9300999995
              ],
              [
                610179.8476,
                1603823.1596000008
              ],
              [
                610255.6305,
                1603804.882099999
              ]
            ]
          ]
        ]
      },
      "properties": {
        "district": "Davanagere",
        "taluk": "Davanagere",
        "village": "Alur",
        "survey_number": "106",
        "source": "Karnataka LRI"
      }
    },
    {
      "type": "Feature",
      "bbox": null,
      "geometry": {
        "type": "MultiPolygon",
        "coordinates": [
          [
            [
              [
                610333.9966000002,
                1603794.3178000003
              ],
              [
                610329.6092999997,
                1603785.8309000004
              ],
              [
                610179.1293000001,
                1603478.1961000003
              ],
              [
                610175.6837999998,
                1603471.4455999993
              ],
              [
                610202.7923999997,
                1603421.6150000002
              ],
              [
                610189.4678999996,
                1603301.1366000008
              ],
              [
                610194.0470000003,
                1603014.3401999995
              ],
              [
                610155.0010000002,
                1603017.3125
              ],
              [
                610155.6836999999,
                1603378.2654999997
              ],
              [
                610157.7753999997,
                1603494.8714000005
              ],
              [
                610158.9879999999,
                1603497.1030000001
              ],
              [
                610264.9484000001,
                1603702.3297000006
              ],
              [
                610255.4767000005,
                1603715.4790000003
              ],
              [
                610246.5093999999,
                1603727.9197000004
              ],
              [
                610255.6305,
                1603804.882099999
              ],
              [
                610333.9966000002,
                1603794.3178000003
              ]
            ]
          ]
        ]
      },
      "properties": {
        "district": "Davanagere",
        "taluk": "Davanagere",
        "village": "Alur",
        "survey_number": "107",
        "source": "Karnataka LRI"
      }
    },
    {
      "type": "Feature",
      "bbox": null,
      "geometry": {
        "type": "MultiPolygon",
        "coordinates": [
          [
            [
              [
                610266.5471999999,
                1603371.7665999997
              ],
              [
                610250.4638999999,
                1603011.5101999994
              ],
              [
                610194.0470000003,
                1603014.3401999995
              ],
              [
                610189.4678999996,
                1603301.1366000008
              ],
              [
                610202.7923999997,
                1603421.6150000002
              ],
              [
                610207.0691,
                1603421.8509999998
              ],
              [
                610266.5471999999,
                1603371.7665999997
              ]
            ]
          ]
        ]
      },
      "properties": {
        "district": "Davanagere",
        "taluk": "Davanagere",
        "village": "Alur",
        "survey_number": "108",
        "source": "Karnataka LRI"
      }
    },
    {
      "type": "Feature",
      "bbox": null,
      "geometry": {
        "type": "MultiPolygon",
        "coordinates": [
          [
            [
              [
                610281.1536999997,
                1603362.3494000006
              ],
              [
                610326.4781,
                1603321.0307
              ],
              [
                610381.7346999999,
                1603272.3871
              ],
              [
                610346.5240000002,
                1603190.3405000009
              ],
              [
                610359.7484999998,
                1603005.8387000002
              ],
              [
                610280.9053999996,
                1603010.6461999994
              ],
              [
                610250.4638999999,
                1603011.5101999994
              ],
              [
                610266.5471999999,
                1603371.7665999997
              ],
              [
                610281.1536999997,
                1603362.3494000006
              ]
            ]
          ]
        ]
      },
      "properties": {
        "district": "Davanagere",
        "taluk": "Davanagere",
        "village": "Alur",
        "survey_number": "109",
        "source": "Karnataka LRI"
      }
    },
    {
      "type": "Feature",
      "bbox": null,
      "geometry": {
        "type": "MultiPolygon",
        "coordinates": [
          [
            [
              [
                610510.3398000002,
                1603164.6654000003
              ],
              [
                610552.9999000002,
                1603142.7672000006
              ],
              [
                610578.0729999999,
                1603086.7237
              ],
              [
                610551.7114000004,
                1602996.5796000008
              ],
              [
                610519.4255999997,
                1602964.9404000007
              ],
              [
                610472.7115000002,
                1602875.547700001
              ],
              [
                610460.0754000004,
                1602807.7305999994
              ],
              [
                610411.2028999999,
                1602851.2411000002
              ],
              [
                610392.7542000003,
                1602853.8780000005
              ],
              [
                610377.4910000004,
                1602856.047700001
              ],
              [
                610376.7542000003,
                1602879.0025999993
              ],
              [
                610374.1494000005,
                1602898.3532999996
              ],
              [
                610369.2164000003,
                1602935.2751000002
              ],
              [
                610359.7484999998,
                1603005.8387000002
              ],
              [
                610346.5240000002,
                1603190.3405000009
              ],
              [
                610381.7346999999,
                1603272.3871
              ],
              [
                610389.1612999998,
                1603266.1191000007
              ],
              [
                610510.3398000002,
                1603164.6654000003
              ]
            ]
          ]
        ]
      },
      "properties": {
        "district": "Davanagere",
        "taluk": "Davanagere",
        "village": "Alur",
        "survey_number": "110",
        "source": "Karnataka LRI"
      }
    },
    {
      "type": "Feature",
      "bbox": null,
      "geometry": {
        "type": "MultiPolygon",
        "coordinates": [
          [
            [
              [
                610616.6268999996,
                1603060.1925000008
              ],
              [
                610699.8055999996,
                1602986.0374999996
              ],
              [
                610711.2906,
                1602976.0234999992
              ],
              [
                610702.3134000003,
                1602912.6835999992
              ],
              [
                610551.7114000004,
                1602996.5796000008
              ],
              [
                610578.0729999999,
                1603086.7237
              ],
              [
                610616.6268999996,
                1603060.1925000008
              ]
            ]
          ]
        ]
      },
      "properties": {
        "district": "Davanagere",
        "taluk": "Davanagere",
        "village": "Alur",
        "survey_number": "111",
        "source": "Karnataka LRI"
      }
    },
    {
      "type": "Feature",
      "bbox": null,
      "geometry": {
        "type": "MultiPolygon",
        "coordinates": [
          [
            [
              [
                610654.6473000003,
                1602657.1051000003
              ],
              [
                610639.7045,
                1602659.7232000008
              ],
              [
                610623.9221999999,
                1602669.6788999997
              ],
              [
                610625.3393000001,
                1602671.7243000008
              ],
              [
                610642.0016999999,
                1602686.7104000002
              ],
              [
                610680.8894999996,
                1602723.7138
              ],
              [
                610654.6473000003,
                1602657.1051000003
              ]
            ]
          ]
        ]
      },
      "properties": {
        "district": "Davanagere",
        "taluk": "Davanagere",
        "village": "Alur",
        "survey_number": "112",
        "source": "Karnataka LRI"
      }
    },
    {
      "type": "Feature",
      "bbox": null,
      "geometry": {
        "type": "MultiPolygon",
        "coordinates": [
          [
            [
              [
                610702.3134000003,
                1602912.6835999992
              ],
              [
                610688.5771000003,
                1602812.2928999998
              ],
              [
                610684.9058999997,
                1602733.9085000008
              ],
              [
                610680.8894999996,
                1602723.7138
              ],
              [
                610642.0016999999,
                1602686.7104000002
              ],
              [
                610625.3393000001,
                1602671.7244000006
              ],
              [
                610623.9221999999,
                1602669.6788999997
              ],
              [
                610594.7846999997,
                1602688.0592999998
              ],
              [
                610521.1292000003,
                1602775.2006
              ],
              [
                610460.0754000004,
                1602807.7305999994
              ],
              [
                610472.7115000002,
                1602875.547700001
              ],
              [
                610519.4255999997,
                1602964.9404000007
              ],
              [
                610551.7114000004,
                1602996.5796000008
              ],
              [
                610702.3134000003,
                1602912.6835999992
              ]
            ]
          ]
        ]
      },
      "properties": {
        "district": "Davanagere",
        "taluk": "Davanagere",
        "village": "Alur",
        "survey_number": "112",
        "source": "Karnataka LRI"
      }
    },
    {
      "type": "Feature",
      "bbox": null,
      "geometry": {
        "type": "MultiPolygon",
        "coordinates": [
          [
            [
              [
                610729.4342999998,
                1602640.0171000008
              ],
              [
                610708.0299000004,
                1602637.9438000005
              ],
              [
                610654.6473000003,
                1602657.1051000003
              ],
              [
                610680.8894999996,
                1602723.7138
              ],
              [
                610723.6917000003,
                1602764.4419999998
              ],
              [
                610755.3398000002,
                1602801.6987999994
              ],
              [
                610729.4342999998,
                1602640.0171000008
              ]
            ]
          ]
        ]
      },
      "properties": {
        "district": "Davanagere",
        "taluk": "Davanagere",
        "village": "Alur",
        "survey_number": "113",
        "source": "Karnataka LRI"
      }
    },
    {
      "type": "Feature",
      "bbox": null,
      "geometry": {
        "type": "MultiPolygon",
        "coordinates": [
          [
            [
              [
                610762.9296000004,
                1602939.9833000004
              ],
              [
                610753.6381999999,
                1602883.296599999
              ],
              [
                610757.2352,
                1602813.5289999992
              ],
              [
                610755.3398000002,
                1602801.6987999994
              ],
              [
                610723.6917000003,
                1602764.4419999998
              ],
              [
                610680.8894999996,
                1602723.7138
              ],
              [
                610684.9058999997,
                1602733.9085000008
              ],
              [
                610688.5771000003,
                1602812.2928999998
              ],
              [
                610702.3134000003,
                1602912.6835999992
              ],
              [
                610711.2906,
                1602976.0234999992
              ],
              [
                610762.9296000004,
                1602939.9833000004
              ]
            ]
          ]
        ]
      },
      "properties": {
        "district": "Davanagere",
        "taluk": "Davanagere",
        "village": "Alur",
        "survey_number": "113",
        "source": "Karnataka LRI"
      }
    },
    {
      "type": "Feature",
      "bbox": null,
      "geometry": {
        "type": "MultiPolygon",
        "coordinates": [
          [
            [
              [
                610818.8925999999,
                1602876.1918000001
              ],
              [
                610827.9858999997,
                1602743.2322000004
              ],
              [
                610803.2621999998,
                1602663.7762000002
              ],
              [
                610759.3915999997,
                1602645.1933999993
              ],
              [
                610729.4342999998,
                1602640.0171000008
              ],
              [
                610755.3398000002,
                1602801.6987999994
              ],
              [
                610805.1738999998,
                1602860.3649000004
              ],
              [
                610817.4733999996,
                1602877.8095999993
              ],
              [
                610818.8925999999,
                1602876.1918000001
              ]
            ]
          ]
        ]
      },
      "properties": {
        "district": "Davanagere",
        "taluk": "Davanagere",
        "village": "Alur",
        "survey_number": "114",
        "source": "Karnataka LRI"
      }
    },
    {
      "type": "Feature",
      "bbox": null,
      "geometry": {
        "type": "MultiPolygon",
        "coordinates": [
          [
            [
              [
                610817.4733999996,
                1602877.8095999993
              ],
              [
                610805.1738999998,
                1602860.3649000004
              ],
              [
                610755.3398000002,
                1602801.6987999994
              ],
              [
                610757.2352,
                1602813.5289999992
              ],
              [
                610753.6381999999,
                1602883.296599999
              ],
              [
                610762.9296000004,
                1602939.9833000004
              ],
              [
                610817.4733999996,
                1602877.8095999993
              ]
            ]
          ]
        ]
      },
      "properties": {
        "district": "Davanagere",
        "taluk": "Davanagere",
        "village": "Alur",
        "survey_number": "114",
        "source": "Karnataka LRI"
      }
    },
    {
      "type": "Feature",
      "bbox": null,
      "geometry": {
        "type": "MultiPolygon",
        "coordinates": [
          [
            [
              [
                610885.7401,
                1602861.0887000002
              ],
              [
                610997.0872,
                1602816.5993000008
              ],
              [
                611061.5674,
                1602799.8562000003
              ],
              [
                611107.0027999999,
                1602746.3938999996
              ],
              [
                611130.7703999998,
                1602738.2310000006
              ],
              [
                611135.3391000004,
                1602730.4791
              ],
              [
                611134.0467999997,
                1602730.5724999998
              ],
              [
                611112.2708,
                1602725.6357000005
              ],
              [
                611092.1425999999,
                1602716.2141999993
              ],
              [
                611087.3766999999,
                1602714.1775000002
              ],
              [
                611076.7917999998,
                1602709.6418999992
              ],
              [
                611048.3585000001,
                1602707.0480000004
              ],
              [
                611022.9851000002,
                1602710.920499999
              ],
              [
                611002.1536999997,
                1602712.7420000006
              ],
              [
                610973.6645999998,
                1602705.6933999993
              ],
              [
                610942.2422000002,
                1602693.6153999995
              ],
              [
                610911.3859000001,
                1602678.4849999994
              ],
              [
                610887.091,
                1602672.9465999994
              ],
              [
                610867.0641999999,
                1602676.5943
              ],
              [
                610840.8564999998,
                1602677.2449999992
              ],
              [
                610823.5933999997,
                1602672.4783999994
              ],
              [
                610803.2621999998,
                1602663.7762000002
              ],
              [
                610827.9858999997,
                1602743.2322000004
              ],
              [
                610818.8925999999,
                1602876.1918000001
              ],
              [
                610885.7401,
                1602861.0887000002
              ]
            ]
          ]
        ]
      },
      "properties": {
        "district": "Davanagere",
        "taluk": "Davanagere",
        "village": "Alur",
        "survey_number": "115",
        "source": "Karnataka LRI"
      }
    },
    {
      "type": "Feature",
      "bbox": null,
      "geometry": {
        "type": "MultiPolygon",
        "coordinates": [
          [
            [
              [
                611147.1118000001,
                1602710.4667000007
              ],
              [
                611191.8461999996,
                1602633.8510999996
              ],
              [
                611200.7233999996,
                1602612.8911000006
              ],
              [
                611185.8645000001,
                1602617.1247000005
              ],
              [
                611159.2494999999,
                1602624.716
              ],
              [
                611145.1732999999,
                1602626.7864999995
              ],
              [
                611080.6270000003,
                1602641.326199999
              ],
              [
                611015.9381999997,
                1602648.2908999994
              ],
              [
                611000.4293999998,
                1602644.5832000002
              ],
              [
                610868.9051000001,
                1602601.3838
              ],
              [
                610821.8492,
                1602650.0978999995
              ],
              [
                610826.4599000001,
                1602653.1624999996
              ],
              [
                610845.1031,
                1602656.3101000004
              ],
              [
                610882.4095999999,
                1602653.4279999994
              ],
              [
                610907.0121999998,
                1602656.5436000004
              ],
              [
                610964.9875999996,
                1602683.3191
              ],
              [
                610993.1524,
                1602689.1443000007
              ],
              [
                611023.7993999999,
                1602688.0955999997
              ],
              [
                611054.8311999999,
                1602684.6637999993
              ],
              [
                611085.5853000004,
                1602693.7935000006
              ],
              [
                611101.2691000002,
                1602702.5209
              ],
              [
                611110.6481999997,
                1602707.7215999998
              ],
              [
                611133.2204999998,
                1602711.0348000005
              ],
              [
                611147.1118000001,
                1602710.4667000007
              ]
            ]
          ]
        ]
      },
      "properties": {
        "district": "Davanagere",
        "taluk": "Davanagere",
        "village": "Alur",
        "survey_number": "115",
        "source": "Karnataka LRI"
      }
    },
    {
      "type": "Feature",
      "bbox": null,
      "geometry": {
        "type": "MultiPolygon",
        "coordinates": [
          [
            [
              [
                611015.9381999997,
                1602648.2908999994
              ],
              [
                611017.6394999996,
                1602586.7488000002
              ],
              [
                610963.7608000003,
                1602558.5682999995
              ],
              [
                610901.2329000002,
                1602493.6120999996
              ],
              [
                610781.7950999998,
                1602452.7151999995
              ],
              [
                610758.0872,
                1602527.0966999996
              ],
              [
                610750.8136999998,
                1602549.6689999998
              ],
              [
                610671.8339999998,
                1602554.3216999993
              ],
              [
                610641.4623999996,
                1602615.7874999996
              ],
              [
                610632.8986,
                1602633.0174000002
              ],
              [
                610668.3436000003,
                1602625.3874999993
              ],
              [
                610696.7220999999,
                1602617.6213000007
              ],
              [
                610713.3525,
                1602612.4392000008
              ],
              [
                610735.3136999998,
                1602611.5562999994
              ],
              [
                610762.3081999999,
                1602618.9817999993
              ],
              [
                610786.8624999998,
                1602629.2468999997
              ],
              [
                610789.9541999996,
                1602631.4657000005
              ],
              [
                610803.1084000003,
                1602640.8993999995
              ],
              [
                610820.0604999997,
                1602648.9089000002
              ],
              [
                610821.8492,
                1602650.0978999995
              ],
              [
                610868.9051000001,
                1602601.3838
              ],
              [
                611000.4293999998,
                1602644.5832000002
              ],
              [
                611015.9381999997,
                1602648.2908999994
              ]
            ]
          ]
        ]
      },
      "properties": {
        "district": "Davanagere",
        "taluk": "Davanagere",
        "village": "Alur",
        "survey_number": "116",
        "source": "Karnataka LRI"
      }
    },
    {
      "type": "Feature",
      "bbox": null,
      "geometry": {
        "type": "MultiPolygon",
        "coordinates": [
          [
            [
              [
                611020.0944999997,
                1602511.4814999998
              ],
              [
                611038.3466999996,
                1602418.4893999994
              ],
              [
                610991.8279999997,
                1602395.8044000007
              ],
              [
                610934.6704000002,
                1602372.1267000008
              ],
              [
                610901.2329000002,
                1602493.6120999996
              ],
              [
                610963.7608000003,
                1602558.5682999995
              ],
              [
                611017.6394999996,
                1602586.7488000002
              ],
              [
                611020.0944999997,
                1602511.4814999998
              ]
            ]
          ]
        ]
      },
      "properties": {
        "district": "Davanagere",
        "taluk": "Davanagere",
        "village": "Alur",
        "survey_number": "117",
        "source": "Karnataka LRI"
      }
    },
    {
      "type": "Feature",
      "bbox": null,
      "geometry": {
        "type": "MultiPolygon",
        "coordinates": [
          [
            [
              [
                610934.6704000002,
                1602372.1267000008
              ],
              [
                610910.9408,
                1602361.9498999994
              ],
              [
                610929.3295999998,
                1602208.8430000003
              ],
              [
                610684.6845000004,
                1602222.4454999994
              ],
              [
                610686.2587000001,
                1602181.5888
              ],
              [
                610662.0056999996,
                1602265.4408
              ],
              [
                610646.608,
                1602320.386499999
              ],
              [
                610652.7207000004,
                1602373.6368000004
              ],
              [
                610782.6553999996,
                1602390.365700001
              ],
              [
                610781.7950999998,
                1602452.7151999995
              ],
              [
                610901.2329000002,
                1602493.6120999996
              ],
              [
                610934.6704000002,
                1602372.1267000008
              ]
            ]
          ]
        ]
      },
      "properties": {
        "district": "Davanagere",
        "taluk": "Davanagere",
        "village": "Alur",
        "survey_number": "118",
        "source": "Karnataka LRI"
      }
    },
    {
      "type": "Feature",
      "bbox": null,
      "geometry": {
        "type": "MultiPolygon",
        "coordinates": [
          [
            [
              [
                610686.2587000001,
                1602181.5888
              ],
              [
                610692.3129000003,
                1602024.4504000004
              ],
              [
                610695.0251000002,
                1601873.1742000002
              ],
              [
                610695.1827999996,
                1601868.4141000006
              ],
              [
                610698.5349000003,
                1601764.8742999993
              ],
              [
                610668.8447000002,
                1601762.3468999993
              ],
              [
                610653.8914000001,
                1601918.4715
              ],
              [
                610651.8676000005,
                1601939.3530000001
              ],
              [
                610643.0794000002,
                1602024.0867999997
              ],
              [
                610644.2446999997,
                1602218.2271999996
              ],
              [
                610626.3540000003,
                1602219.9382000007
              ],
              [
                610643.4247000003,
                1602292.6556000002
              ],
              [
                610646.608,
                1602320.386499999
              ],
              [
                610662.0056999996,
                1602265.4408
              ],
              [
                610686.2587000001,
                1602181.5888
              ]
            ]
          ]
        ]
      },
      "properties": {
        "district": "Davanagere",
        "taluk": "Davanagere",
        "village": "Alur",
        "survey_number": "118",
        "source": "Karnataka LRI"
      }
    },
    {
      "type": "Feature",
      "bbox": null,
      "geometry": {
        "type": "MultiPolygon",
        "coordinates": [
          [
            [
              [
                610929.3295999998,
                1602208.8430000003
              ],
              [
                610984.2109000003,
                1602042.8373000007
              ],
              [
                610735.0180000002,
                1602027.1404
              ],
              [
                610728.8146000002,
                1602049.4529
              ],
              [
                610718.8163000001,
                1602082.7543000001
              ],
              [
                610695.449,
                1602149.8143000007
              ],
              [
                610686.2587000001,
                1602181.5888
              ],
              [
                610684.6845000004,
                1602222.4454999994
              ],
              [
                610929.3295999998,
                1602208.8430000003
              ]
            ]
          ]
        ]
      },
      "properties": {
        "district": "Davanagere",
        "taluk": "Davanagere",
        "village": "Alur",
        "survey_number": "119",
        "source": "Karnataka LRI"
      }
    },
    {
      "type": "Feature",
      "bbox": null,
      "geometry": {
        "type": "MultiPolygon",
        "coordinates": [
          [
            [
              [
                610735.0180000002,
                1602027.1404
              ],
              [
                610692.3129000003,
                1602024.4504000004
              ],
              [
                610686.2587000001,
                1602181.5888
              ],
              [
                610695.449,
                1602149.8143000007
              ],
              [
                610718.8163000001,
                1602082.7543000001
              ],
              [
                610728.8147,
                1602049.4528
              ],
              [
                610735.0180000002,
                1602027.1404
              ]
            ]
          ]
        ]
      },
      "properties": {
        "district": "Davanagere",
        "taluk": "Davanagere",
        "village": "Alur",
        "survey_number": "119",
        "source": "Karnataka LRI"
      }
    },
    {
      "type": "Feature",
      "bbox": null,
      "geometry": {
        "type": "MultiPolygon",
        "coordinates": [
          [
            [
              [
                611014.5403000005,
                1601950.3734000009
              ],
              [
                610846.2275999999,
                1601869.4278999995
              ],
              [
                610761.3920999998,
                1601871.5297999997
              ],
              [
                610752.1452000001,
                1601951.2135000005
              ],
              [
                610745.4791000001,
                1601987.8455999997
              ],
              [
                610737.1474000001,
                1602019.4811000004
              ],
              [
                610735.0180000002,
                1602027.1404
              ],
              [
                610984.2109000003,
                1602042.8373000007
              ],
              [
                611014.5403000005,
                1601950.3734000009
              ]
            ]
          ]
        ]
      },
      "properties": {
        "district": "Davanagere",
        "taluk": "Davanagere",
        "village": "Alur",
        "survey_number": "120",
        "source": "Karnataka LRI"
      }
    },
    {
      "type": "Feature",
      "bbox": null,
      "geometry": {
        "type": "MultiPolygon",
        "coordinates": [
          [
            [
              [
                610761.3920999998,
                1601871.5297999997
              ],
              [
                610695.0251000002,
                1601873.1742000002
              ],
              [
                610692.3129000003,
                1602024.4504000004
              ],
              [
                610735.0180000002,
                1602027.1404
              ],
              [
                610737.1473000003,
                1602019.4811000004
              ],
              [
                610745.4791000001,
                1601987.8455999997
              ],
              [
                610752.1452000001,
                1601951.2135000005
              ],
              [
                610761.3920999998,
                1601871.5297999997
              ]
            ]
          ]
        ]
      },
      "properties": {
        "district": "Davanagere",
        "taluk": "Davanagere",
        "village": "Alur",
        "survey_number": "120",
        "source": "Karnataka LRI"
      }
    },
    {
      "type": "Feature",
      "bbox": null,
      "geometry": {
        "type": "MultiPolygon",
        "coordinates": [
          [
            [
              [
                611017.1107000001,
                1601943.9598999992
              ],
              [
                611040.585,
                1601807.0050000008
              ],
              [
                610915.8457000004,
                1601754.146400001
              ],
              [
                610904.0621999996,
                1601779.1774000004
              ],
              [
                610814.0354000004,
                1601759.7872000001
              ],
              [
                610846.2275999999,
                1601869.4278999995
              ],
              [
                611014.5403000005,
                1601950.3734000009
              ],
              [
                611017.1107000001,
                1601943.9598999992
              ]
            ]
          ]
        ]
      },
      "properties": {
        "district": "Davanagere",
        "taluk": "Davanagere",
        "village": "Alur",
        "survey_number": "121",
        "source": "Karnataka LRI"
      }
    },
    {
      "type": "Feature",
      "bbox": null,
      "geometry": {
        "type": "MultiPolygon",
        "coordinates": [
          [
            [
              [
                611071.9057,
                1601610.2336999997
              ],
              [
                610982.5027999999,
                1601641.5166999996
              ],
              [
                610975.1601999998,
                1601647.5304000005
              ],
              [
                610949.2340000002,
                1601702.0419999994
              ],
              [
                610933.4649999999,
                1601734.8186000008
              ],
              [
                611006.8492,
                1601766.2831999995
              ],
              [
                611040.1107000001,
                1601779.0892999992
              ],
              [
                611071.9057,
                1601610.2336999997
              ]
            ]
          ]
        ]
      },
      "properties": {
        "district": "Davanagere",
        "taluk": "Davanagere",
        "village": "Alur",
        "survey_number": "122",
        "source": "Karnataka LRI"
      }
    },
    {
      "type": "Feature",
      "bbox": null,
      "geometry": {
        "type": "MultiPolygon",
        "coordinates": [
          [
            [
              [
                610975.1601999998,
                1601647.5304000005
              ],
              [
                610954.3777999999,
                1601645.8588999994
              ],
              [
                610884.2759999996,
                1601639.3388999999
              ],
              [
                610841.2895999998,
                1601634.8884999994
              ],
              [
                610766.9913999997,
                1601626.6228
              ],
              [
                610766.6900000004,
                1601668.3840999994
              ],
              [
                610933.4649999999,
                1601734.8186000008
              ],
              [
                610949.2340000002,
                1601702.0419999994
              ],
              [
                610975.1601999998,
                1601647.5304000005
              ]
            ]
          ]
        ]
      },
      "properties": {
        "district": "Davanagere",
        "taluk": "Davanagere",
        "village": "Alur",
        "survey_number": "123",
        "source": "Karnataka LRI"
      }
    },
    {
      "type": "Feature",
      "bbox": null,
      "geometry": {
        "type": "MultiPolygon",
        "coordinates": [
          [
            [
              [
                610766.9913999997,
                1601626.6227000002
              ],
              [
                610738.5861999998,
                1601623.4627999999
              ],
              [
                610729.2061999999,
                1601622.7632
              ],
              [
                610704.8435000004,
                1601620.9228000008
              ],
              [
                610697.9348999998,
                1601614.396400001
              ],
              [
                610698.0597999999,
                1601616.9782999996
              ],
              [
                610699.2413999997,
                1601641.5161000006
              ],
              [
                610766.6900000004,
                1601668.3840999994
              ],
              [
                610766.9913999997,
                1601626.6227000002
              ]
            ]
          ]
        ]
      },
      "properties": {
        "district": "Davanagere",
        "taluk": "Davanagere",
        "village": "Alur",
        "survey_number": "123",
        "source": "Karnataka LRI"
      }
    },
    {
      "type": "Feature",
      "bbox": null,
      "geometry": {
        "type": "MultiPolygon",
        "coordinates": [
          [
            [
              [
                610846.2275999999,
                1601869.4278999995
              ],
              [
                610814.0354000004,
                1601759.7872000001
              ],
              [
                610904.0621999996,
                1601779.1774000004
              ],
              [
                610915.8457000004,
                1601754.146400001
              ],
              [
                610849.4199000001,
                1601726.9125999995
              ],
              [
                610766.5143999998,
                1601692.6952
              ],
              [
                610765.4779000003,
                1601836.3210000005
              ],
              [
                610761.3920999998,
                1601871.5297999997
              ],
              [
                610846.2275999999,
                1601869.4278999995
              ]
            ]
          ]
        ]
      },
      "properties": {
        "district": "Davanagere",
        "taluk": "Davanagere",
        "village": "Alur",
        "survey_number": "124",
        "source": "Karnataka LRI"
      }
    },
    {
      "type": "Feature",
      "bbox": null,
      "geometry": {
        "type": "MultiPolygon",
        "coordinates": [
          [
            [
              [
                610761.3920999998,
                1601871.5297999997
              ],
              [
                610765.4779000003,
                1601836.3210000005
              ],
              [
                610766.5143999998,
                1601692.6952
              ],
              [
                610700.148,
                1601665.3039999995
              ],
              [
                610698.5349000003,
                1601764.8742999993
              ],
              [
                610695.1827999996,
                1601868.4141000006
              ],
              [
                610695.0251000002,
                1601873.1742000002
              ],
              [
                610761.3920999998,
                1601871.5297999997
              ]
            ]
          ]
        ]
      },
      "properties": {
        "district": "Davanagere",
        "taluk": "Davanagere",
        "village": "Alur",
        "survey_number": "124",
        "source": "Karnataka LRI"
      }
    },
    {
      "type": "Feature",
      "bbox": null,
      "geometry": {
        "type": "MultiPolygon",
        "coordinates": [
          [
            [
              [
                610598.7821000004,
                1601759.0742000006
              ],
              [
                610668.8447000002,
                1601762.3468999993
              ],
              [
                610698.5349000003,
                1601764.8742999993
              ],
              [
                610700.148,
                1601665.3039999995
              ],
              [
                610650.8930000002,
                1601642.3925
              ],
              [
                610612.0275999997,
                1601606.926000001
              ],
              [
                610612.1920999996,
                1601642.7389000002
              ],
              [
                610493.8147,
                1601660.9053000007
              ],
              [
                610497.881,
                1601766.9617999997
              ],
              [
                610598.7821000004,
                1601759.0742000006
              ]
            ]
          ]
        ]
      },
      "properties": {
        "district": "Davanagere",
        "taluk": "Davanagere",
        "village": "Alur",
        "survey_number": "125",
        "source": "Karnataka LRI"
      }
    },
    {
      "type": "Feature",
      "bbox": null,
      "geometry": {
        "type": "MultiPolygon",
        "coordinates": [
          [
            [
              [
                610697.9348999998,
                1601614.396400001
              ],
              [
                610693.5702,
                1601613.6857999992
              ],
              [
                610672.1457000002,
                1601610.1821999997
              ],
              [
                610642.1915999996,
                1601607.8915999997
              ],
              [
                610665.4606999997,
                1601629.3961999994
              ],
              [
                610699.2413999997,
                1601641.5161000006
              ],
              [
                610698.0597999999,
                1601616.9782999996
              ],
              [
                610697.9348999998,
                1601614.396400001
              ]
            ]
          ]
        ]
      },
      "properties": {
        "district": "Davanagere",
        "taluk": "Davanagere",
        "village": "Alur",
        "survey_number": "126",
        "source": "Karnataka LRI"
      }
    },
    {
      "type": "Feature",
      "bbox": null,
      "geometry": {
        "type": "MultiPolygon",
        "coordinates": [
          [
            [
              [
                610754.2812000001,
                1601444.3079000004
              ],
              [
                610876.1151999999,
                1601299.2907999996
              ],
              [
                610787.0433,
                1601297.1190000009
              ],
              [
                610731.6403000001,
                1601297.117900001
              ],
              [
                610693.3861999996,
                1601307.6618000008
              ],
              [
                610641.9411000004,
                1601330.7257000003
              ],
              [
                610657.6386000002,
                1601344.6999999993
              ],
              [
                610666.7739000004,
                1601360.6744
              ],
              [
                610678.1919999998,
                1601368.6622000001
              ],
              [
                610715.8744999999,
                1601400.6115000006
              ],
              [
                610746.7054000003,
                1601433.7027000003
              ],
              [
                610753.1843999997,
                1601456.8275000006
              ],
              [
                610754.2812000001,
                1601444.3079000004
              ]
            ]
          ]
        ]
      },
      "properties": {
        "district": "Davanagere",
        "taluk": "Davanagere",
        "village": "Alur",
        "survey_number": "127",
        "source": "Karnataka LRI"
      }
    },
    {
      "type": "Feature",
      "bbox": null,
      "geometry": {
        "type": "MultiPolygon",
        "coordinates": [
          [
            [
              [
                610753.1843999997,
                1601456.8275000006
              ],
              [
                610746.7055000002,
                1601433.7027000003
              ],
              [
                610715.8744999999,
                1601400.6115000006
              ],
              [
                610678.1919999998,
                1601368.6622000001
              ],
              [
                610666.7739000004,
                1601360.6743
              ],
              [
                610657.6386000002,
                1601344.6999999993
              ],
              [
                610641.9411000004,
                1601330.7257000003
              ],
              [
                610627.4304999998,
                1601343.9052000009
              ],
              [
                610614.2394000003,
                1601364.9932000004
              ],
              [
                610591.8135000002,
                1601393.988
              ],
              [
                610575.9840000002,
                1601417.7117999997
              ],
              [
                610564.1113999998,
                1601465.1594999991
              ],
              [
                610549.6001000004,
                1601517.8793000001
              ],
              [
                610547.6901000002,
                1601524.0815999992
              ],
              [
                610642.1915999996,
                1601607.8915999997
              ],
              [
                610672.1457000002,
                1601610.1821999997
              ],
              [
                610693.5702,
                1601613.6857999992
              ],
              [
                610697.9348999998,
                1601614.396400001
              ],
              [
                610704.8435000004,
                1601620.9228000008
              ],
              [
                610729.2061999999,
                1601622.7632
              ],
              [
                610738.5861999998,
                1601623.4627999999
              ],
              [
                610753.1843999997,
                1601456.8275000006
              ]
            ]
          ]
        ]
      },
      "properties": {
        "district": "Davanagere",
        "taluk": "Davanagere",
        "village": "Alur",
        "survey_number": "127",
        "source": "Karnataka LRI"
      }
    },
    {
      "type": "Feature",
      "bbox": null,
      "geometry": {
        "type": "MultiPolygon",
        "coordinates": [
          [
            [
              [
                610612.0275999997,
                1601606.926000001
              ],
              [
                610541.3953,
                1601544.5222999994
              ],
              [
                610539.0473999996,
                1601552.1467000004
              ],
              [
                610528.4937000005,
                1601577.1886999998
              ],
              [
                610508.7068999996,
                1601608.1609000005
              ],
              [
                610492.3081,
                1601628.0209
              ],
              [
                610493.8147,
                1601660.9053000007
              ],
              [
                610612.1920999996,
                1601642.7389000002
              ],
              [
                610612.0275999997,
                1601606.926000001
              ]
            ]
          ]
        ]
      },
      "properties": {
        "district": "Davanagere",
        "taluk": "Davanagere",
        "village": "Alur",
        "survey_number": "128",
        "source": "Karnataka LRI"
      }
    },
    {
      "type": "Feature",
      "bbox": null,
      "geometry": {
        "type": "MultiPolygon",
        "coordinates": [
          [
            [
              [
                610419.5347999996,
                1601775.7252999991
              ],
              [
                610497.881,
                1601766.9617999997
              ],
              [
                610493.8147,
                1601660.9053000007
              ],
              [
                610492.3081,
                1601628.0209
              ],
              [
                610465.1754999999,
                1601660.8800000008
              ],
              [
                610425.6020999998,
                1601696.4652999993
              ],
              [
                610372.8365000002,
                1601743.9123999998
              ],
              [
                610327.6361999996,
                1601781.0089999996
              ],
              [
                610419.5347999996,
                1601775.7252999991
              ]
            ]
          ]
        ]
      },
      "properties": {
        "district": "Davanagere",
        "taluk": "Davanagere",
        "village": "Alur",
        "survey_number": "129",
        "source": "Karnataka LRI"
      }
    },
    {
      "type": "Feature",
      "bbox": null,
      "geometry": {
        "type": "MultiPolygon",
        "coordinates": [
          [
            [
              [
                609526.0358999996,
                1602269.7523999996
              ],
              [
                609522.0051999995,
                1602270.4364999998
              ],
              [
                609454.7308999998,
                1602278.3441000003
              ],
              [
                609365.0311000003,
                1602291.5215000007
              ],
              [
                609316.2248999998,
                1602296.7928999998
              ],
              [
                609053.7227999996,
                1602309.3100000005
              ],
              [
                609036.3717,
                1602309.5646000002
              ],
              [
                609037.1129000001,
                1602309.8510999996
              ],
              [
                609515.9670000002,
                1602381.9486999996
              ],
              [
                609516.7834000001,
                1602375.0633000005
              ],
              [
                609522.9291000003,
                1602305.5627999995
              ],
              [
                609525.3793000001,
                1602277.5252
              ],
              [
                609526.0358999996,
                1602269.7523999996
              ]
            ]
          ]
        ]
      },
      "properties": {
        "district": "Davanagere",
        "taluk": "Davanagere",
        "village": "Alur",
        "survey_number": "148",
        "source": "Karnataka LRI"
      }
    },
    {
      "type": "Feature",
      "bbox": null,
      "geometry": {
        "type": "MultiPolygon",
        "coordinates": [
          [
            [
              [
                610119.7709999997,
                1601934.4306000005
              ],
              [
                610118.3464000002,
                1601911.9080999997
              ],
              [
                610070.7586000003,
                1601933.0396999996
              ],
              [
                610061.4022000004,
                1601938.3233000003
              ],
              [
                610119.7709999997,
                1601934.4306000005
              ]
            ]
          ]
        ]
      },
      "properties": {
        "district": "Davanagere",
        "taluk": "Davanagere",
        "village": "Alur",
        "survey_number": "150",
        "source": "Karnataka LRI"
      }
    },
    {
      "type": "Feature",
      "bbox": null,
      "geometry": {
        "type": "MultiPolygon",
        "coordinates": [
          [
            [
              [
                610041.9119999995,
                1602207.0384
              ],
              [
                610075.2898000004,
                1602072.6543000005
              ],
              [
                610119.7709999997,
                1601934.4306000005
              ],
              [
                610061.4022000004,
                1601938.3233000003
              ],
              [
                610010.0791999996,
                1601967.3058000002
              ],
              [
                609975.7812000001,
                1601997.6196999997
              ],
              [
                609950.7182999998,
                1602031.8873999994
              ],
              [
                609912.4632000001,
                1602095.8091000002
              ],
              [
                609826.7197000002,
                1602180.1590999998
              ],
              [
                609759.4450000003,
                1602219.697899999
              ],
              [
                609709.3185,
                1602235.5134999994
              ],
              [
                609657.8735999996,
                1602247.3745000008
              ],
              [
                609526.0358999996,
                1602269.7523999996
              ],
              [
                609525.3793000001,
                1602277.5252
              ],
              [
                609522.9291000003,
                1602305.5627999995
              ],
              [
                609516.7834000001,
                1602375.0633000005
              ],
              [
                609515.9670000002,
                1602381.9486999996
              ],
              [
                609523.2323000003,
                1602383.0294000003
              ],
              [
                609731.2844000002,
                1602359.0943
              ],
              [
                610041.9119999995,
                1602207.0384
              ]
            ]
          ]
        ]
      },
      "properties": {
        "district": "Davanagere",
        "taluk": "Davanagere",
        "village": "Alur",
        "survey_number": "151",
        "source": "Karnataka LRI"
      }
    },
    {
      "type": "Feature",
      "bbox": null,
      "geometry": {
        "type": "MultiPolygon",
        "coordinates": [
          [
            [
              [
                610304.5848000003,
                1602445.3252000008
              ],
              [
                610355.2244999995,
                1602328.7963999994
              ],
              [
                610467.2027000003,
                1602315.3431000002
              ],
              [
                610495.8898,
                1602311.7694000006
              ],
              [
                610467.0179000003,
                1602222.5662999991
              ],
              [
                610464.6492999997,
                1602215.2798999995
              ],
              [
                610398.7658000002,
                1602177.1646999996
              ],
              [
                610385.0591000002,
                1602065.0736999996
              ],
              [
                610205.7008999996,
                1602070.5451999996
              ],
              [
                610075.2898000004,
                1602072.6543000005
              ],
              [
                610041.9119999995,
                1602207.0384
              ],
              [
                610092.7023,
                1602436.1236000005
              ],
              [
                610095.0646000002,
                1602436.7796999998
              ],
              [
                610162.1235999996,
                1602451.8805999998
              ],
              [
                610276.8778999997,
                1602479.5735999998
              ],
              [
                610284.0382000003,
                1602481.2784000002
              ],
              [
                610287.1650999999,
                1602482.0209999997
              ],
              [
                610304.5848000003,
                1602445.3252000008
              ]
            ],
            [
              [
                610411.2577999998,
                1602212.2784000002
              ],
              [
                610433.3799,
                1602228.7975999992
              ],
              [
                610416.3207999999,
                1602242.6451999992
              ],
              [
                610403.7260999996,
                1602249.6205000002
              ],
              [
                610365.0445999997,
                1602288.4044000003
              ],
              [
                610338.3515999997,
                1602316.0973000005
              ],
              [
                610319.1266999999,
                1602324.7101000007
              ],
              [
                610319.5708999997,
                1602312.1345000006
              ],
              [
                610333.6529999999,
                1602246.3878000006
              ],
              [
                610351.0241,
                1602219.2158000004
              ],
              [
                610380.1045000004,
                1602188.3285000008
              ],
              [
                610411.2577999998,
                1602212.2784000002
              ]
            ]
          ]
        ]
      },
      "properties": {
        "district": "Davanagere",
        "taluk": "Davanagere",
        "village": "Alur",
        "survey_number": "152",
        "source": "Karnataka LRI"
      }
    },
    {
      "type": "Feature",
      "bbox": null,
      "geometry": {
        "type": "MultiPolygon",
        "coordinates": [
          [
            [
              [
                610205.7008999996,
                1602070.5451999996
              ],
              [
                610222.7537000002,
                1601857.7090000007
              ],
              [
                610222.4565000003,
                1601857.9163000006
              ],
              [
                610165.7345000003,
                1601890.8651
              ],
              [
                610118.3464000002,
                1601911.9080999997
              ],
              [
                610119.7709999997,
                1601934.4306000005
              ],
              [
                610075.2898000004,
                1602072.6543000005
              ],
              [
                610205.7008999996,
                1602070.5451999996
              ]
            ]
          ]
        ]
      },
      "properties": {
        "district": "Davanagere",
        "taluk": "Davanagere",
        "village": "Alur",
        "survey_number": "153",
        "source": "Karnataka LRI"
      }
    },
    {
      "type": "Feature",
      "bbox": null,
      "geometry": {
        "type": "MultiPolygon",
        "coordinates": [
          [
            [
              [
                610385.0591000002,
                1602065.0736999996
              ],
              [
                610419.5347999996,
                1601775.7252999991
              ],
              [
                610327.6361999996,
                1601781.0089999996
              ],
              [
                610298.9660999998,
                1601804.538899999
              ],
              [
                610222.7537000002,
                1601857.7090000007
              ],
              [
                610205.7008999996,
                1602070.5451999996
              ],
              [
                610385.0591000002,
                1602065.0736999996
              ]
            ]
          ]
        ]
      },
      "properties": {
        "district": "Davanagere",
        "taluk": "Davanagere",
        "village": "Alur",
        "survey_number": "154",
        "source": "Karnataka LRI"
      }
    },
    {
      "type": "Feature",
      "bbox": null,
      "geometry": {
        "type": "MultiPolygon",
        "coordinates": [
          [
            [
              [
                610598.7821000004,
                1601759.0742000006
              ],
              [
                610497.881,
                1601766.9617999997
              ],
              [
                610419.5347999996,
                1601775.7252999991
              ],
              [
                610385.0591000002,
                1602065.0736999996
              ],
              [
                610398.7658000002,
                1602177.1646999996
              ],
              [
                610464.6492999997,
                1602215.2798999995
              ],
              [
                610473.5679000001,
                1602215.1535999998
              ],
              [
                610548.3043999998,
                1602213.9952000007
              ],
              [
                610553.6687000003,
                1602039.0809000004
              ],
              [
                610555.4961000001,
                1601976.1515999995
              ],
              [
                610598.7821000004,
                1601759.0742000006
              ]
            ]
          ]
        ]
      },
      "properties": {
        "district": "Davanagere",
        "taluk": "Davanagere",
        "village": "Alur",
        "survey_number": "155",
        "source": "Karnataka LRI"
      }
    },
    {
      "type": "Feature",
      "bbox": null,
      "geometry": {
        "type": "MultiPolygon",
        "coordinates": [
          [
            [
              [
                610646.608,
                1602320.386499999
              ],
              [
                610638.6749,
                1602348.6952999998
              ],
              [
                610630.9730000002,
                1602371.4476999994
              ],
              [
                610652.7207000004,
                1602373.6368000004
              ],
              [
                610646.608,
                1602320.386499999
              ]
            ]
          ]
        ]
      },
      "properties": {
        "district": "Davanagere",
        "taluk": "Davanagere",
        "village": "Alur",
        "survey_number": "156",
        "source": "Karnataka LRI"
      }
    },
    {
      "type": "Feature",
      "bbox": null,
      "geometry": {
        "type": "MultiPolygon",
        "coordinates": [
          [
            [
              [
                610646.608,
                1602320.386499999
              ],
              [
                610643.4247000003,
                1602292.6556000002
              ],
              [
                610626.3540000003,
                1602219.9382000007
              ],
              [
                610644.2446999997,
                1602218.2271999996
              ],
              [
                610643.0794000002,
                1602024.0867999997
              ],
              [
                610651.8676000005,
                1601939.3530000001
              ],
              [
                610653.8914000001,
                1601918.4715
              ],
              [
                610668.8447000002,
                1601762.3468999993
              ],
              [
                610598.7821000004,
                1601759.0742000006
              ],
              [
                610555.4961000001,
                1601976.1515999995
              ],
              [
                610553.6687000003,
                1602039.0809000004
              ],
              [
                610548.3043999998,
                1602213.9952000007
              ],
              [
                610473.5679000001,
                1602215.1535999998
              ],
              [
                610464.6492999997,
                1602215.2798999995
              ],
              [
                610467.0179000003,
                1602222.5662999991
              ],
              [
                610495.8898,
                1602311.7694000006
              ],
              [
                610577.1566000003,
                1602301.8122000005
              ],
              [
                610576.8974000001,
                1602366.0045999996
              ],
              [
                610630.9730000002,
                1602371.4476999994
              ],
              [
                610638.6749,
                1602348.6952999998
              ],
              [
                610646.608,
                1602320.386499999
              ]
            ]
          ]
        ]
      },
      "properties": {
        "district": "Davanagere",
        "taluk": "Davanagere",
        "village": "Alur",
        "survey_number": "156",
        "source": "Karnataka LRI"
      }
    },
    {
      "type": "Feature",
      "bbox": null,
      "geometry": {
        "type": "MultiPolygon",
        "coordinates": [
          [
            [
              [
                610781.7950999998,
                1602452.7151999995
              ],
              [
                610782.6553999996,
                1602390.365700001
              ],
              [
                610652.7207000004,
                1602373.6368000004
              ],
              [
                610630.9730000002,
                1602371.4476999994
              ],
              [
                610605.1549000004,
                1602447.7175999992
              ],
              [
                610614.9441999998,
                1602489.0216000006
              ],
              [
                610619.4923,
                1602565.1461999994
              ],
              [
                610630.6813000003,
                1602621.7608000003
              ],
              [
                610632.8986,
                1602633.0174000002
              ],
              [
                610641.4623999996,
                1602615.7874999996
              ],
              [
                610671.8339999998,
                1602554.3216999993
              ],
              [
                610750.8136999998,
                1602549.6689999998
              ],
              [
                610758.0872,
                1602527.0966999996
              ],
              [
                610781.7950999998,
                1602452.7151999995
              ]
            ]
          ]
        ]
      },
      "properties": {
        "district": "Davanagere",
        "taluk": "Davanagere",
        "village": "Alur",
        "survey_number": "157",
        "source": "Karnataka LRI"
      }
    },
    {
      "type": "Feature",
      "bbox": null,
      "geometry": {
        "type": "MultiPolygon",
        "coordinates": [
          [
            [
              [
                610630.9730000002,
                1602371.4476999994
              ],
              [
                610576.8974000001,
                1602366.0045999996
              ],
              [
                610588.8913000003,
                1602389.8013000004
              ],
              [
                610601.2922,
                1602431.4199
              ],
              [
                610605.1549000004,
                1602447.7175999992
              ],
              [
                610630.9730000002,
                1602371.4476999994
              ]
            ]
          ]
        ]
      },
      "properties": {
        "district": "Davanagere",
        "taluk": "Davanagere",
        "village": "Alur",
        "survey_number": "157",
        "source": "Karnataka LRI"
      }
    },
    {
      "type": "Feature",
      "bbox": null,
      "geometry": {
        "type": "MultiPolygon",
        "coordinates": [
          [
            [
              [
                610632.8986,
                1602633.0174000002
              ],
              [
                610630.6813000003,
                1602621.7608000003
              ],
              [
                610619.4923,
                1602565.1461999994
              ],
              [
                610599.2445,
                1602565.0570999999
              ],
              [
                610600.3443,
                1602613.4451000001
              ],
              [
                610604.8174999999,
                1602631.3234
              ],
              [
                610610.3419000003,
                1602650.0776000004
              ],
              [
                610610.8984000003,
                1602650.8806999996
              ],
              [
                610632.8986,
                1602633.0174000002
              ]
            ]
          ]
        ]
      },
      "properties": {
        "district": "Davanagere",
        "taluk": "Davanagere",
        "village": "Alur",
        "survey_number": "158",
        "source": "Karnataka LRI"
      }
    },
    {
      "type": "Feature",
      "bbox": null,
      "geometry": {
        "type": "MultiPolygon",
        "coordinates": [
          [
            [
              [
                610610.8984000003,
                1602650.8806999996
              ],
              [
                610610.3419000003,
                1602650.0776000004
              ],
              [
                610604.8174999999,
                1602631.3234
              ],
              [
                610600.3443,
                1602613.4451000001
              ],
              [
                610599.2445,
                1602565.0570999999
              ],
              [
                610570.8876999998,
                1602564.9323999994
              ],
              [
                610528.5832000002,
                1602579.3497000001
              ],
              [
                610462.0218000002,
                1602571.8271999992
              ],
              [
                610456.3338000001,
                1602600.7842999995
              ],
              [
                610452.7824999997,
                1602626.538899999
              ],
              [
                610444.6772999996,
                1602684.023
              ],
              [
                610445.5473999996,
                1602716.0277999993
              ],
              [
                610450.5385999996,
                1602766.9473
              ],
              [
                610451.7797999997,
                1602779.3995999992
              ],
              [
                610503.7679000003,
                1602757.8457999993
              ],
              [
                610529.6418000003,
                1602730.3365000002
              ],
              [
                610576.5745000001,
                1602678.7503999993
              ],
              [
                610610.8984000003,
                1602650.8806999996
              ]
            ]
          ]
        ]
      },
      "properties": {
        "district": "Davanagere",
        "taluk": "Davanagere",
        "village": "Alur",
        "survey_number": "158",
        "source": "Karnataka LRI"
      }
    },
    {
      "type": "Feature",
      "bbox": null,
      "geometry": {
        "type": "MultiPolygon",
        "coordinates": [
          [
            [
              [
                610426.04,
                1602438.9999000002
              ],
              [
                610434.5804000003,
                1602406.7348999996
              ],
              [
                610465.1709000003,
                1602407.5486999992
              ],
              [
                610469.7651000004,
                1602383.0603
              ],
              [
                610483.9166000001,
                1602382.8276000004
              ],
              [
                610494.7698999997,
                1602382.6489000004
              ],
              [
                610506.0077,
                1602438.8243000004
              ],
              [
                610540.7991000004,
                1602442.7244000006
              ],
              [
                610601.2922,
                1602431.4199
              ],
              [
                610588.8913000003,
                1602389.8013000004
              ],
              [
                610576.8974000001,
                1602366.0045999996
              ],
              [
                610577.1566000003,
                1602301.8122000005
              ],
              [
                610495.8898,
                1602311.7694000006
              ],
              [
                610467.2027000003,
                1602315.3431000002
              ],
              [
                610355.2244999995,
                1602328.7963999994
              ],
              [
                610304.5848000003,
                1602445.3252000008
              ],
              [
                610426.04,
                1602438.9999000002
              ]
            ]
          ]
        ]
      },
      "properties": {
        "district": "Davanagere",
        "taluk": "Davanagere",
        "village": "Alur",
        "survey_number": "159",
        "source": "Karnataka LRI"
      }
    },
    {
      "type": "Feature",
      "bbox": null,
      "geometry": {
        "type": "MultiPolygon",
        "coordinates": [
          [
            [
              [
                610466.2823000001,
                1602479.7778999992
              ],
              [
                610468.7785999998,
                1602442.1644000001
              ],
              [
                610426.04,
                1602438.9999000002
              ],
              [
                610304.5848000003,
                1602445.3252000008
              ],
              [
                610287.1650999999,
                1602482.0209999997
              ],
              [
                610466.2823000001,
                1602479.7778999992
              ]
            ]
          ]
        ]
      },
      "properties": {
        "district": "Davanagere",
        "taluk": "Davanagere",
        "village": "Alur",
        "survey_number": "160",
        "source": "Karnataka LRI"
      }
    },
    {
      "type": "Feature",
      "bbox": null,
      "geometry": {
        "type": "MultiPolygon",
        "coordinates": [
          [
            [
              [
                610462.0218000002,
                1602571.8271999992
              ],
              [
                610466.2823000001,
                1602479.7778999992
              ],
              [
                610287.1650999999,
                1602482.0209999997
              ],
              [
                610284.0382000003,
                1602481.2784000002
              ],
              [
                610268.0389,
                1602549.2356000002
              ],
              [
                610266.3508000001,
                1602556.4936999995
              ],
              [
                610268.0927999998,
                1602583.230799999
              ],
              [
                610271.4800000004,
                1602583.5176999997
              ],
              [
                610456.3338000001,
                1602600.7842999995
              ],
              [
                610462.0218000002,
                1602571.8271999992
              ]
            ]
          ]
        ]
      },
      "properties": {
        "district": "Davanagere",
        "taluk": "Davanagere",
        "village": "Alur",
        "survey_number": "161",
        "source": "Karnataka LRI"
      }
    },
    {
      "type": "Feature",
      "bbox": null,
      "geometry": {
        "type": "MultiPolygon",
        "coordinates": [
          [
            [
              [
                610451.7797999997,
                1602779.3995999992
              ],
              [
                610450.5385999996,
                1602766.9473
              ],
              [
                610445.5473999996,
                1602716.0277999993
              ],
              [
                610444.6772999996,
                1602684.023
              ],
              [
                610452.7824999997,
                1602626.538899999
              ],
              [
                610456.3338000001,
                1602600.7842999995
              ],
              [
                610271.4800000004,
                1602583.5176999997
              ],
              [
                610268.0927999998,
                1602583.230799999
              ],
              [
                610271.1785000004,
                1602593.7639000006
              ],
              [
                610315.0278000003,
                1602753.0941000003
              ],
              [
                610320.7739000004,
                1602771.8881
              ],
              [
                610346.7618000004,
                1602794.2750000004
              ],
              [
                610399.8353000004,
                1602810.0382000003
              ],
              [
                610408.9397999998,
                1602812.7234000005
              ],
              [
                610448.2307000002,
                1602780.8644999992
              ],
              [
                610451.7797999997,
                1602779.3995999992
              ]
            ]
          ]
        ]
      },
      "properties": {
        "district": "Davanagere",
        "taluk": "Davanagere",
        "village": "Alur",
        "survey_number": "162",
        "source": "Karnataka LRI"
      }
    },
    {
      "type": "Feature",
      "bbox": null,
      "geometry": {
        "type": "MultiPolygon",
        "coordinates": [
          [
            [
              [
                610320.7739000004,
                1602771.8881
              ],
              [
                610315.0278000003,
                1602753.0941000003
              ],
              [
                610271.1785000004,
                1602593.7639000006
              ],
              [
                610268.0927999998,
                1602583.230799999
              ],
              [
                610266.3508000001,
                1602556.4936999995
              ],
              [
                610268.0389,
                1602549.2356000002
              ],
              [
                610284.0382000003,
                1602481.2784000002
              ],
              [
                610276.8778999997,
                1602479.5735999998
              ],
              [
                610162.1235999996,
                1602451.8805999998
              ],
              [
                610095.0646000002,
                1602436.7796999998
              ],
              [
                610092.7023,
                1602436.1236000005
              ],
              [
                610095.6776,
                1602449.0689000003
              ],
              [
                610130.6445000004,
                1602585.3498999998
              ],
              [
                610133.5787000004,
                1602596.7689999994
              ],
              [
                610132.3849999998,
                1602596.9771999996
              ],
              [
                610129.4699999997,
                1602597.485200001
              ],
              [
                610172.3282000003,
                1602734.6742000002
              ],
              [
                610192.6299,
                1602799.2663000003
              ],
              [
                610251.3183000004,
                1602778.1707000006
              ],
              [
                610304.7920000004,
                1602767.6909999996
              ],
              [
                610313.9380000001,
                1602765.9910000004
              ],
              [
                610320.7739000004,
                1602771.8881
              ]
            ]
          ]
        ]
      },
      "properties": {
        "district": "Davanagere",
        "taluk": "Davanagere",
        "village": "Alur",
        "survey_number": "163",
        "source": "Karnataka LRI"
      }
    },
    {
      "type": "Feature",
      "bbox": null,
      "geometry": {
        "type": "MultiPolygon",
        "coordinates": [
          [
            [
              [
                610192.6299,
                1602799.2663000003
              ],
              [
                610172.3282000003,
                1602734.6742000002
              ],
              [
                610129.4699999997,
                1602597.485200001
              ],
              [
                609989.0036000004,
                1602648.3789000008
              ],
              [
                609975.9253000002,
                1602886.927100001
              ],
              [
                609972.9820999997,
                1602895.5855
              ],
              [
                610060.8639000002,
                1602896.2729000002
              ],
              [
                610085.9079,
                1602871.6484999992
              ],
              [
                610089.3755999999,
                1602869.2721999995
              ],
              [
                610192.6299,
                1602799.2663000003
              ]
            ]
          ]
        ]
      },
      "properties": {
        "district": "Davanagere",
        "taluk": "Davanagere",
        "village": "Alur",
        "survey_number": "164",
        "source": "Karnataka LRI"
      }
    },
    {
      "type": "Feature",
      "bbox": null,
      "geometry": {
        "type": "MultiPolygon",
        "coordinates": [
          [
            [
              [
                610359.7484999998,
                1603005.8387000002
              ],
              [
                610369.2164000003,
                1602935.2751000002
              ],
              [
                610374.1494000005,
                1602898.3532999996
              ],
              [
                610376.7542000003,
                1602879.0025999993
              ],
              [
                610377.4910000004,
                1602856.047700001
              ],
              [
                610323.2571,
                1602839.9158999994
              ],
              [
                610323.1676000003,
                1602813.7303
              ],
              [
                610298.3115999997,
                1602811.5580000002
              ],
              [
                610292.9800000004,
                1602926.7687
              ],
              [
                610280.9053999996,
                1603010.6461999994
              ],
              [
                610359.7484999998,
                1603005.8387000002
              ]
            ]
          ]
        ]
      },
      "properties": {
        "district": "Davanagere",
        "taluk": "Davanagere",
        "village": "Alur",
        "survey_number": "165",
        "source": "Karnataka LRI"
      }
    },
    {
      "type": "Feature",
      "bbox": null,
      "geometry": {
        "type": "MultiPolygon",
        "coordinates": [
          [
            [
              [
                610090.9161999999,
                1603023.4120000005
              ],
              [
                610155.0010000002,
                1603017.3125
              ],
              [
                610194.0470000003,
                1603014.3401999995
              ],
              [
                610250.4638999999,
                1603011.5101999994
              ],
              [
                610280.9053999996,
                1603010.6461999994
              ],
              [
                610292.9800000004,
                1602926.7687
              ],
              [
                610298.3115999997,
                1602811.5580000002
              ],
              [
                610240.0121999998,
                1602806.6648999993
              ],
              [
                610150.4546999997,
                1602856.1037000008
              ],
              [
                610057.2907999996,
                1602921.3083999995
              ],
              [
                609966.5659999996,
                1602914.7902000006
              ],
              [
                609966.4523999998,
                1602914.8131000008
              ],
              [
                609964.2259999998,
                1602921.3753999993
              ],
              [
                609977.8490000004,
                1603024.085000001
              ],
              [
                610003.733,
                1603024.7117999997
              ],
              [
                610046.1387999998,
                1603025.7858000007
              ],
              [
                610090.9161999999,
                1603023.4120000005
              ]
            ]
          ]
        ]
      },
      "properties": {
        "district": "Davanagere",
        "taluk": "Davanagere",
        "village": "Alur",
        "survey_number": "166",
        "source": "Karnataka LRI"
      }
    },
    {
      "type": "Feature",
      "bbox": null,
      "geometry": {
        "type": "MultiPolygon",
        "coordinates": [
          [
            [
              [
                610030.7764999997,
                1603860.2920999993
              ],
              [
                610013.6947999997,
                1603674.9592000004
              ],
              [
                610010.5903000003,
                1603637.2303
              ],
              [
                610007.7148000002,
                1603534.0528999995
              ],
              [
                610007.4244999997,
                1603527.8352000006
              ],
              [
                609999.1529000001,
                1603379.7094
              ],
              [
                609983.0089999996,
                1603230.7747000009
              ],
              [
                609979.1541999998,
                1603072.2474000007
              ],
              [
                609977.8490000004,
                1603024.085000001
              ],
              [
                609964.2259999998,
                1602921.3753999993
              ],
              [
                609930.5285999998,
                1602961.195699999
              ],
              [
                609928.6705,
                1603121.8531
              ],
              [
                609930.4190999996,
                1603166.5949000008
              ],
              [
                609933.7094,
                1603257.2053999994
              ],
              [
                609944.5608999999,
                1603455.2927
              ],
              [
                609944.4534999998,
                1603473.8541
              ],
              [
                609942.1206,
                1603643.1010999996
              ],
              [
                609944.6403000001,
                1603722.6894000005
              ],
              [
                609945.8985000001,
                1603737.8743999992
              ],
              [
                609959.1721999999,
                1603883.9481000006
              ],
              [
                610030.7764999997,
                1603860.2920999993
              ]
            ]
          ]
        ]
      },
      "properties": {
        "district": "Davanagere",
        "taluk": "Davanagere",
        "village": "Alur",
        "survey_number": "167",
        "source": "Karnataka LRI"
      }
    },
    {
      "type": "Feature",
      "bbox": null,
      "geometry": {
        "type": "MultiPolygon",
        "coordinates": [
          [
            [
              [
                609959.1721999999,
                1603883.9481000006
              ],
              [
                609945.8985000001,
                1603737.8743999992
              ],
              [
                609944.6403000001,
                1603722.6894000005
              ],
              [
                609942.1206,
                1603643.1010999996
              ],
              [
                609944.4534999998,
                1603473.8541
              ],
              [
                609944.5608999999,
                1603455.2927
              ],
              [
                609933.7094,
                1603257.2053999994
              ],
              [
                609930.4190999996,
                1603166.5949000008
              ],
              [
                609928.6705,
                1603121.8531
              ],
              [
                609930.5285999998,
                1602961.195699999
              ],
              [
                609964.2259999998,
                1602921.3753999993
              ],
              [
                609966.4523999998,
                1602914.8131000008
              ],
              [
                609949.2410000004,
                1602918.2912000008
              ],
              [
                609929.1276000002,
                1602937.6570999995
              ],
              [
                609912.7702000001,
                1602947.8394000009
              ],
              [
                609872.4086999996,
                1602963.0971000008
              ],
              [
                609874.6908999998,
                1602982.9955000002
              ],
              [
                609885.3139000004,
                1603009.414999999
              ],
              [
                609877.6708000004,
                1603164.4418000001
              ],
              [
                609882.0322000002,
                1603249.1182000004
              ],
              [
                609888.1936999997,
                1603381.4521999992
              ],
              [
                609891.4161,
                1603483.6870000008
              ],
              [
                609894.7763,
                1603631.2748000007
              ],
              [
                609890.9253000002,
                1603775.2223000005
              ],
              [
                609898.5872,
                1603780.7606000006
              ],
              [
                609904.1139000002,
                1603784.7576000001
              ],
              [
                609911.1924999999,
                1603899.2747000009
              ],
              [
                609959.1721999999,
                1603883.9481000006
              ]
            ]
          ]
        ]
      },
      "properties": {
        "district": "Davanagere",
        "taluk": "Davanagere",
        "village": "Alur",
        "survey_number": "168",
        "source": "Karnataka LRI"
      }
    },
    {
      "type": "Feature",
      "bbox": null,
      "geometry": {
        "type": "MultiPolygon",
        "coordinates": [
          [
            [
              [
                609972.9820999997,
                1602895.5855
              ],
              [
                609975.9253000002,
                1602886.927100001
              ],
              [
                609989.0036000004,
                1602648.3789000008
              ],
              [
                609871.8526999997,
                1602682.797700001
              ],
              [
                609864.21,
                1602776.3312
              ],
              [
                609879.3192999996,
                1602793.5526
              ],
              [
                609875.9188999999,
                1602802.6193000004
              ],
              [
                609860.4482000005,
                1602843.9719999991
              ],
              [
                609870.0498000002,
                1602942.3157000002
              ],
              [
                609871.3073000005,
                1602941.7081000004
              ],
              [
                609876.3876999998,
                1602940.5341999996
              ],
              [
                609885.3817999996,
                1602937.3500999995
              ],
              [
                609897.2319999998,
                1602934.1313000005
              ],
              [
                609905.0445999997,
                1602929.2587000001
              ],
              [
                609912.1392999999,
                1602921.5851000007
              ],
              [
                609923.1589000002,
                1602912.5204000007
              ],
              [
                609933.2721999995,
                1602907.1401000004
              ],
              [
                609939.3953,
                1602902.9107000008
              ],
              [
                609947.0064000003,
                1602900.2561000008
              ],
              [
                609951.9620000003,
                1602899.4945999999
              ],
              [
                609969.4720000001,
                1602895.570699999
              ],
              [
                609972.9820999997,
                1602895.5855
              ]
            ]
          ]
        ]
      },
      "properties": {
        "district": "Davanagere",
        "taluk": "Davanagere",
        "village": "Alur",
        "survey_number": "168",
        "source": "Karnataka LRI"
      }
    },
    {
      "type": "Feature",
      "bbox": null,
      "geometry": {
        "type": "MultiPolygon",
        "coordinates": [
          [
            [
              [
                609911.1924999999,
                1603899.2747000009
              ],
              [
                609904.1139000002,
                1603784.7576000001
              ],
              [
                609898.5872,
                1603780.7606000006
              ],
              [
                609890.9253000002,
                1603775.2223000005
              ],
              [
                609894.7763,
                1603631.2748000007
              ],
              [
                609891.4161,
                1603483.6870000008
              ],
              [
                609888.1936999997,
                1603381.4521999992
              ],
              [
                609882.0322000002,
                1603249.1182000004
              ],
              [
                609877.6708000004,
                1603164.4418000001
              ],
              [
                609885.3139000004,
                1603009.414999999
              ],
              [
                609874.6908999998,
                1602982.9955000002
              ],
              [
                609872.4086999996,
                1602963.0971000008
              ],
              [
                609871.7068999996,
                1602963.3632999994
              ],
              [
                609851.6215000004,
                1602972.3945000004
              ],
              [
                609834.8547,
                1602993.4649
              ],
              [
                609833.1335000005,
                1602995.4638
              ],
              [
                609841.943,
                1603055.4692000002
              ],
              [
                609843.6776,
                1603106.8720999993
              ],
              [
                609846.0022,
                1603196.227499999
              ],
              [
                609846.1136999996,
                1603275.3140999991
              ],
              [
                609846.1029000003,
                1603292.854699999
              ],
              [
                609859.0168000003,
                1603371.3293999992
              ],
              [
                609862.1562999999,
                1603443.0134999994
              ],
              [
                609857.6780000003,
                1603500.1355000008
              ],
              [
                609855.5440999996,
                1603526.6417999994
              ],
              [
                609851.2192000002,
                1603609.7122000009
              ],
              [
                609852.4872000003,
                1603781.8049999997
              ],
              [
                609856.7964000003,
                1603827.9780000001
              ],
              [
                609864.4855000004,
                1603905.6436
              ],
              [
                609911.1924999999,
                1603899.2747000009
              ]
            ]
          ]
        ]
      },
      "properties": {
        "district": "Davanagere",
        "taluk": "Davanagere",
        "village": "Alur",
        "survey_number": "169",
        "source": "Karnataka LRI"
      }
    },
    {
      "type": "Feature",
      "bbox": null,
      "geometry": {
        "type": "MultiPolygon",
        "coordinates": [
          [
            [
              [
                609870.0498000002,
                1602942.3157000002
              ],
              [
                609860.4482000005,
                1602843.9719999991
              ],
              [
                609875.9188999999,
                1602802.6193000004
              ],
              [
                609879.3192999996,
                1602793.5526
              ],
              [
                609864.21,
                1602776.3312
              ],
              [
                609871.8526999997,
                1602682.797700001
              ],
              [
                609784.9263000004,
                1602710.7423
              ],
              [
                609825.0904000001,
                1602851.8125999998
              ],
              [
                609829.5734000001,
                1602970.8301
              ],
              [
                609845.1206,
                1602956.3683000002
              ],
              [
                609856.1930999998,
                1602952.6925000008
              ],
              [
                609863.4785000002,
                1602945.4915999994
              ],
              [
                609869.4604000002,
                1602942.6015000008
              ],
              [
                609870.0498000002,
                1602942.3157000002
              ]
            ]
          ]
        ]
      },
      "properties": {
        "district": "Davanagere",
        "taluk": "Davanagere",
        "village": "Alur",
        "survey_number": "169",
        "source": "Karnataka LRI"
      }
    },
    {
      "type": "Feature",
      "bbox": null,
      "geometry": {
        "type": "MultiPolygon",
        "coordinates": [
          [
            [
              [
                609829.5734000001,
                1602970.8301
              ],
              [
                609825.0904000001,
                1602851.8125999998
              ],
              [
                609784.9263000004,
                1602710.7423
              ],
              [
                609737.4223999996,
                1602725.1524999999
              ],
              [
                609712.4696000004,
                1602740.0296
              ],
              [
                609758.1080999998,
                1603024.1802999992
              ],
              [
                609758.8076,
                1603031.6559999995
              ],
              [
                609759.3706999999,
                1603031.5883000009
              ],
              [
                609775.7551999995,
                1603029.6193000004
              ],
              [
                609786.0376000004,
                1603021.6060000006
              ],
              [
                609793.4883000003,
                1603015.6646999996
              ],
              [
                609801.1123000002,
                1603007.0310999993
              ],
              [
                609811.7605999997,
                1602993.4255999997
              ],
              [
                609820.4507999998,
                1602982.0956999995
              ],
              [
                609829.5734000001,
                1602970.8301
              ]
            ]
          ]
        ]
      },
      "properties": {
        "district": "Davanagere",
        "taluk": "Davanagere",
        "village": "Alur",
        "survey_number": "170",
        "source": "Karnataka LRI"
      }
    },
    {
      "type": "Feature",
      "bbox": null,
      "geometry": {
        "type": "MultiPolygon",
        "coordinates": [
          [
            [
              [
                609795.2302000001,
                1603040.3445999995
              ],
              [
                609782.4857000001,
                1603044.2872000001
              ],
              [
                609760.3958999999,
                1603048.5140000004
              ],
              [
                609771.5850999998,
                1603332.4200999998
              ],
              [
                609781.3581999997,
                1603467.2654
              ],
              [
                609816.2544,
                1603469.7040999997
              ],
              [
                609815.0185000002,
                1603415.8855000008
              ],
              [
                609808.4375,
                1603336.2267000005
              ],
              [
                609803.2494999999,
                1603276.202299999
              ],
              [
                609800.1331000002,
                1603195.3091000002
              ],
              [
                609795.2302000001,
                1603040.3445999995
              ]
            ]
          ]
        ]
      },
      "properties": {
        "district": "Davanagere",
        "taluk": "Davanagere",
        "village": "Alur",
        "survey_number": "171",
        "source": "Karnataka LRI"
      }
    },
    {
      "type": "Feature",
      "bbox": null,
      "geometry": {
        "type": "MultiPolygon",
        "coordinates": [
          [
            [
              [
                609864.4855000004,
                1603905.6436
              ],
              [
                609856.7964000003,
                1603827.9780000001
              ],
              [
                609852.4872000003,
                1603781.8049999997
              ],
              [
                609851.2192000002,
                1603609.7122000009
              ],
              [
                609855.5440999996,
                1603526.6417999994
              ],
              [
                609857.6780000003,
                1603500.1355000008
              ],
              [
                609862.1562999999,
                1603443.0134999994
              ],
              [
                609859.0168000003,
                1603371.3293999992
              ],
              [
                609846.1029000003,
                1603292.854699999
              ],
              [
                609846.1136999996,
                1603275.3140999991
              ],
              [
                609846.0022,
                1603196.227499999
              ],
              [
                609843.6776,
                1603106.8720999993
              ],
              [
                609841.943,
                1603055.4692000002
              ],
              [
                609833.1335000005,
                1602995.4638
              ],
              [
                609813.4137000004,
                1603018.3779000007
              ],
              [
                609795.2302000001,
                1603040.3445999995
              ],
              [
                609800.1331000002,
                1603195.3091000002
              ],
              [
                609803.2494999999,
                1603276.202299999
              ],
              [
                609808.4375,
                1603336.2267000005
              ],
              [
                609815.0185000002,
                1603415.8855000008
              ],
              [
                609816.2544,
                1603469.7040999997
              ],
              [
                609781.3581999997,
                1603467.2654
              ],
              [
                609781.4798999997,
                1603489.0069999993
              ],
              [
                609780.8402000004,
                1603743.4748999998
              ],
              [
                609782.7805000003,
                1603893.0416
              ],
              [
                609792.7781999996,
                1603900.2600999996
              ],
              [
                609806.5119000003,
                1603910.167199999
              ],
              [
                609864.4855000004,
                1603905.6436
              ]
            ]
          ]
        ]
      },
      "properties": {
        "district": "Davanagere",
        "taluk": "Davanagere",
        "village": "Alur",
        "survey_number": "172",
        "source": "Karnataka LRI"
      }
    },
    {
      "type": "Feature",
      "bbox": null,
      "geometry": {
        "type": "MultiPolygon",
        "coordinates": [
          [
            [
              [
                609780.8402000004,
                1603743.4748999998
              ],
              [
                609729.4316999996,
                1603748.1711
              ],
              [
                609730.1891999999,
                1603816.3549000006
              ],
              [
                609782.7805000003,
                1603893.0416
              ],
              [
                609780.8402000004,
                1603743.4748999998
              ]
            ]
          ]
        ]
      },
      "properties": {
        "district": "Davanagere",
        "taluk": "Davanagere",
        "village": "Alur",
        "survey_number": "173",
        "source": "Karnataka LRI"
      }
    },
    {
      "type": "Feature",
      "bbox": null,
      "geometry": {
        "type": "MultiPolygon",
        "coordinates": [
          [
            [
              [
                609780.8402000004,
                1603743.4748999998
              ],
              [
                609781.4798999997,
                1603489.0069999993
              ],
              [
                609781.3581999997,
                1603467.2654
              ],
              [
                609771.5850999998,
                1603332.4200999998
              ],
              [
                609760.3958999999,
                1603048.5140000004
              ],
              [
                609743.4391000001,
                1603056.9608999994
              ],
              [
                609718.3781000003,
                1603086.5927000009
              ],
              [
                609697.0049,
                1603114.113500001
              ],
              [
                609676.3908000002,
                1603146.0350000001
              ],
              [
                609675.2670999998,
                1603146.7356000002
              ],
              [
                609705.7566999998,
                1603232.5087000001
              ],
              [
                609723.9270000001,
                1603383.543299999
              ],
              [
                609728.9919999996,
                1603434.1732
              ],
              [
                609731.7695000004,
                1603462.698999999
              ],
              [
                609729.4316999996,
                1603748.1711
              ],
              [
                609780.8402000004,
                1603743.4748999998
              ]
            ]
          ]
        ]
      },
      "properties": {
        "district": "Davanagere",
        "taluk": "Davanagere",
        "village": "Alur",
        "survey_number": "174",
        "source": "Karnataka LRI"
      }
    },
    {
      "type": "Feature",
      "bbox": null,
      "geometry": {
        "type": "MultiPolygon",
        "coordinates": [
          [
            [
              [
                609758.8076,
                1603031.6559999995
              ],
              [
                609758.1080999998,
                1603024.1802999992
              ],
              [
                609712.4696000004,
                1602740.0296
              ],
              [
                609700.4287,
                1602747.2382999994
              ],
              [
                609648.7607000005,
                1602773.5843000002
              ],
              [
                609622.8196999999,
                1602883.3961999994
              ],
              [
                609642.5707,
                1602989.7588
              ],
              [
                609668.7746000001,
                1603119.8024000004
              ],
              [
                609671.0258999998,
                1603119.216
              ],
              [
                609680.1617,
                1603112.3695999999
              ],
              [
                609687.8815000001,
                1603105.8188000005
              ],
              [
                609693.2863999996,
                1603098.6170000006
              ],
              [
                609697.1856000004,
                1603090.615700001
              ],
              [
                609703.2154999999,
                1603080.8069000002
              ],
              [
                609708.0766000003,
                1603073.3468999993
              ],
              [
                609712.9397,
                1603065.8904999997
              ],
              [
                609718.1638000002,
                1603058.2662000004
              ],
              [
                609732.0745000001,
                1603042.1636999995
              ],
              [
                609743.4000000004,
                1603035.9180999994
              ],
              [
                609756.9786999999,
                1603031.8756000008
              ],
              [
                609758.8076,
                1603031.6559999995
              ]
            ]
          ]
        ]
      },
      "properties": {
        "district": "Davanagere",
        "taluk": "Davanagere",
        "village": "Alur",
        "survey_number": "174",
        "source": "Karnataka LRI"
      }
    },
    {
      "type": "Feature",
      "bbox": null,
      "geometry": {
        "type": "MultiPolygon",
        "coordinates": [
          [
            [
              [
                609712.4696000004,
                1602740.0296
              ],
              [
                609737.4223999996,
                1602725.1524999999
              ],
              [
                609784.9263000004,
                1602710.7423
              ],
              [
                609871.8526999997,
                1602682.797700001
              ],
              [
                609989.0036000004,
                1602648.3789000008
              ],
              [
                610129.4699999997,
                1602597.485200001
              ],
              [
                610132.3849999998,
                1602596.9771999996
              ],
              [
                610133.5787000004,
                1602596.7689999994
              ],
              [
                610130.6445000004,
                1602585.3498999998
              ],
              [
                610095.6776,
                1602449.0689000003
              ],
              [
                610092.7023,
                1602436.1236000005
              ],
              [
                610041.9119999995,
                1602207.0384
              ],
              [
                609731.2844000002,
                1602359.0943
              ],
              [
                609523.2323000003,
                1602383.0294000003
              ],
              [
                609572.8861999996,
                1602545.0025999993
              ],
              [
                609576.3403000003,
                1602555.5011
              ],
              [
                609587.1425999999,
                1602588.3034000006
              ],
              [
                609645.5784999998,
                1602764.0854000002
              ],
              [
                609648.7607000005,
                1602773.5843000002
              ],
              [
                609700.4287,
                1602747.2382999994
              ],
              [
                609712.4696000004,
                1602740.0296
              ]
            ]
          ]
        ]
      },
      "properties": {
        "district": "Davanagere",
        "taluk": "Davanagere",
        "village": "Alur",
        "survey_number": "175",
        "source": "Karnataka LRI"
      }
    },
    {
      "type": "Feature",
      "bbox": null,
      "geometry": {
        "type": "MultiPolygon",
        "coordinates": [
          [
            [
              [
                609523.2323000003,
                1602383.0294000003
              ],
              [
                609515.9670000002,
                1602381.9486999996
              ],
              [
                609037.1129000001,
                1602309.8510999996
              ],
              [
                609036.3717,
                1602309.5646000002
              ],
              [
                609028.7642999999,
                1602309.6762000006
              ],
              [
                609112.7550999997,
                1602434.5776000004
              ],
              [
                609219.9282999998,
                1602611.1217
              ],
              [
                609195.0560999997,
                1602656.6395999994
              ],
              [
                609143.1240999997,
                1602751.7569999993
              ],
              [
                609144.9742999999,
                1602751.8925
              ],
              [
                609479.5864000004,
                1602772.8422999997
              ],
              [
                609578.2176000001,
                1602773.3319000006
              ],
              [
                609590.0033999998,
                1602773.3798999991
              ],
              [
                609644.0241,
                1602773.5701000001
              ],
              [
                609648.7607000005,
                1602773.5843000002
              ],
              [
                609645.5784999998,
                1602764.0854000002
              ],
              [
                609587.1425999999,
                1602588.3034000006
              ],
              [
                609576.3403000003,
                1602555.5011
              ],
              [
                609572.8861999996,
                1602545.0025999993
              ],
              [
                609523.2323000003,
                1602383.0294000003
              ]
            ]
          ]
        ]
      },
      "properties": {
        "district": "Davanagere",
        "taluk": "Davanagere",
        "village": "Alur",
        "survey_number": "176",
        "source": "Karnataka LRI"
      }
    },
    {
      "type": "Feature",
      "bbox": null,
      "geometry": {
        "type": "MultiPolygon",
        "coordinates": [
          [
            [
              [
                609404.9084000001,
                1602953.7369999997
              ],
              [
                609412.5884999996,
                1602859.6881000008
              ],
              [
                609480.7526000002,
                1602863.9338000007
              ],
              [
                609480.2509000003,
                1602827.0394000001
              ],
              [
                609480.1096000001,
                1602816.0831000004
              ],
              [
                609479.5864000004,
                1602772.8422999997
              ],
              [
                609144.9742999999,
                1602751.8925
              ],
              [
                609143.1240999997,
                1602751.7569999993
              ],
              [
                609169.3869000003,
                1602834.2386000007
              ],
              [
                609172.4989,
                1602844.1491999999
              ],
              [
                609207.9123,
                1602960.3621999994
              ],
              [
                609404.9084000001,
                1602953.7369999997
              ]
            ]
          ]
        ]
      },
      "properties": {
        "district": "Davanagere",
        "taluk": "Davanagere",
        "village": "Alur",
        "survey_number": "177",
        "source": "Karnataka LRI"
      }
    },
    {
      "type": "Feature",
      "bbox": null,
      "geometry": {
        "type": "MultiPolygon",
        "coordinates": [
          [
            [
              [
                609254.2865000004,
                1603109.9738999996
              ],
              [
                609207.9123,
                1602960.3621999994
              ],
              [
                609172.4989,
                1602844.1491999999
              ],
              [
                609169.3869000003,
                1602834.2386000007
              ],
              [
                609143.1240999997,
                1602751.7569999993
              ],
              [
                609110.4178999998,
                1602814.5645000003
              ],
              [
                609078.5862999996,
                1602871.1779999994
              ],
              [
                609061.8883999996,
                1602900.7964999992
              ],
              [
                608988.4387999997,
                1603096.4647000004
              ],
              [
                608959.9221999999,
                1603177.2068000007
              ],
              [
                608957.3021,
                1603199.7317999993
              ],
              [
                608955.5220999997,
                1603215.0823999997
              ],
              [
                608961.4129999997,
                1603214.6724999994
              ],
              [
                609030.8323999997,
                1603199.5247000009
              ],
              [
                609036.0888,
                1603213.521400001
              ],
              [
                609103.2966,
                1603201.8682000004
              ],
              [
                609127.2669000002,
                1603208.9232
              ],
              [
                609143.3333,
                1603213.833900001
              ],
              [
                609152.6977000004,
                1603216.6926000006
              ],
              [
                609159.1796000004,
                1603205.2991000004
              ],
              [
                609176.0420000004,
                1603179.2435999997
              ],
              [
                609189.7779999999,
                1603161.5256999992
              ],
              [
                609219.9990999997,
                1603126.0177999996
              ],
              [
                609254.2865000004,
                1603109.9738999996
              ]
            ]
          ]
        ]
      },
      "properties": {
        "district": "Davanagere",
        "taluk": "Davanagere",
        "village": "Alur",
        "survey_number": "178",
        "source": "Karnataka LRI"
      }
    },
    {
      "type": "Feature",
      "bbox": null,
      "geometry": {
        "type": "MultiPolygon",
        "coordinates": [
          [
            [
              [
                609395.2302999999,
                1603111.0355999991
              ],
              [
                609404.9084000001,
                1602953.7369999997
              ],
              [
                609207.9123,
                1602960.3621999994
              ],
              [
                609254.2865000004,
                1603109.9738999996
              ],
              [
                609306.2057999996,
                1603168.0473999996
              ],
              [
                609363.2788000004,
                1603136.5900999997
              ],
              [
                609395.2302999999,
                1603111.0355999991
              ]
            ]
          ]
        ]
      },
      "properties": {
        "district": "Davanagere",
        "taluk": "Davanagere",
        "village": "Alur",
        "survey_number": "179",
        "source": "Karnataka LRI"
      }
    },
    {
      "type": "Feature",
      "bbox": null,
      "geometry": {
        "type": "MultiPolygon",
        "coordinates": [
          [
            [
              [
                609480.7526000002,
                1602863.9338000007
              ],
              [
                609412.5884999996,
                1602859.6881000008
              ],
              [
                609404.9084000001,
                1602953.7369999997
              ],
              [
                609395.2302999999,
                1603111.0355999991
              ],
              [
                609446.2646000003,
                1603129.6206
              ],
              [
                609462.5192999998,
                1603131.7487000003
              ],
              [
                609480.7526000002,
                1602863.9338000007
              ]
            ]
          ]
        ]
      },
      "properties": {
        "district": "Davanagere",
        "taluk": "Davanagere",
        "village": "Alur",
        "survey_number": "180",
        "source": "Karnataka LRI"
      }
    },
    {
      "type": "Feature",
      "bbox": null,
      "geometry": {
        "type": "MultiPolygon",
        "coordinates": [
          [
            [
              [
                609641.3892000001,
                1603129.9693
              ],
              [
                609635.5788000003,
                1603115.1017000005
              ],
              [
                609604.5922999997,
                1602899.3925
              ],
              [
                609613.2286999999,
                1602891.8126999997
              ],
              [
                609617.0022999998,
                1602888.5010000002
              ],
              [
                609622.8196999999,
                1602883.3961999994
              ],
              [
                609648.7607000005,
                1602773.5843000002
              ],
              [
                609644.0241,
                1602773.5701000001
              ],
              [
                609590.0033999998,
                1602773.3798999991
              ],
              [
                609578.2176000001,
                1602773.3319000006
              ],
              [
                609479.5864000004,
                1602772.8422999997
              ],
              [
                609480.1096000001,
                1602816.0831000004
              ],
              [
                609480.2509000003,
                1602827.0394000001
              ],
              [
                609480.7526000002,
                1602863.9338000007
              ],
              [
                609462.5192999998,
                1603131.7487000003
              ],
              [
                609508.8975,
                1603122.0484999996
              ],
              [
                609540.9508999996,
                1603101.4188
              ],
              [
                609583.3731000004,
                1603107.2441000007
              ],
              [
                609583.5623000003,
                1603118.3541
              ],
              [
                609595.3927999996,
                1603141.6758999992
              ],
              [
                609603.2208000002,
                1603147.3345999997
              ],
              [
                609615.6911000004,
                1603148.1206999999
              ],
              [
                609620.7959000003,
                1603146.1271000002
              ],
              [
                609630.6937999995,
                1603140.086100001
              ],
              [
                609638.8650000002,
                1603135.7171
              ],
              [
                609641.3433999997,
                1603131.0177999996
              ],
              [
                609641.3892000001,
                1603129.9693
              ]
            ]
          ]
        ]
      },
      "properties": {
        "district": "Davanagere",
        "taluk": "Davanagere",
        "village": "Alur",
        "survey_number": "181",
        "source": "Karnataka LRI"
      }
    },
    {
      "type": "Feature",
      "bbox": null,
      "geometry": {
        "type": "MultiPolygon",
        "coordinates": [
          [
            [
              [
                609653.2955,
                1603160.4383000005
              ],
              [
                609650.2300000004,
                1603162.3507000003
              ],
              [
                609601.3838999998,
                1603171.8725000005
              ],
              [
                609621.7070000004,
                1603300.0768
              ],
              [
                609623.9343999997,
                1603444.1237000003
              ],
              [
                609671.6573999999,
                1603452.5364999995
              ],
              [
                609716.2555,
                1603460.3758000005
              ],
              [
                609715.0866,
                1603434.3001000006
              ],
              [
                609713.4018999999,
                1603398.3575999998
              ],
              [
                609682.4504000004,
                1603235.3969999999
              ],
              [
                609653.2955,
                1603160.4383000005
              ]
            ]
          ]
        ]
      },
      "properties": {
        "district": "Davanagere",
        "taluk": "Davanagere",
        "village": "Alur",
        "survey_number": "182",
        "source": "Karnataka LRI"
      }
    },
    {
      "type": "Feature",
      "bbox": null,
      "geometry": {
        "type": "MultiPolygon",
        "coordinates": [
          [
            [
              [
                609716.2555,
                1603460.3758000005
              ],
              [
                609671.6573999999,
                1603452.5364999995
              ],
              [
                609623.9343999997,
                1603444.1237000003
              ],
              [
                609624.1146,
                1603460.8329000007
              ],
              [
                609624.6343999999,
                1603524.3687999994
              ],
              [
                609617.0771000003,
                1603615.0866
              ],
              [
                609618.9001000002,
                1603813.4677000009
              ],
              [
                609619.0591000002,
                1603824.2949
              ],
              [
                609719.1517000003,
                1603844.9085000008
              ],
              [
                609719.0173000004,
                1603831.9035999998
              ],
              [
                609716.2555,
                1603460.3758000005
              ]
            ]
          ]
        ]
      },
      "properties": {
        "district": "Davanagere",
        "taluk": "Davanagere",
        "village": "Alur",
        "survey_number": "183",
        "source": "Karnataka LRI"
      }
    },
    {
      "type": "Feature",
      "bbox": null,
      "geometry": {
        "type": "MultiPolygon",
        "coordinates": [
          [
            [
              [
                609623.9343999997,
                1603444.1237000003
              ],
              [
                609621.7070000004,
                1603300.0768
              ],
              [
                609601.3838999998,
                1603171.8725000005
              ],
              [
                609558.0110999998,
                1603133.4211999997
              ],
              [
                609508.7682999996,
                1603159.8027
              ],
              [
                609519.1330000004,
                1603471.7466000002
              ],
              [
                609520.7822000002,
                1603471.6634999998
              ],
              [
                609551.6737000002,
                1603470.1081000008
              ],
              [
                609563.3490000004,
                1603803.1394999996
              ],
              [
                609563.7526000002,
                1603813.6032999996
              ],
              [
                609619.0591000002,
                1603824.2949
              ],
              [
                609618.9001000002,
                1603813.4677000009
              ],
              [
                609617.0771000003,
                1603615.0866
              ],
              [
                609624.6343999999,
                1603524.3687999994
              ],
              [
                609624.1146,
                1603460.8329000007
              ],
              [
                609623.9343999997,
                1603444.1237000003
              ]
            ]
          ]
        ]
      },
      "properties": {
        "district": "Davanagere",
        "taluk": "Davanagere",
        "village": "Alur",
        "survey_number": "184",
        "source": "Karnataka LRI"
      }
    },
    {
      "type": "Feature",
      "bbox": null,
      "geometry": {
        "type": "MultiPolygon",
        "coordinates": [
          [
            [
              [
                609508.7682999996,
                1603159.8027
              ],
              [
                609478.3864000002,
                1603155.0373
              ],
              [
                609494.9437999995,
                1603471.2482999992
              ],
              [
                609519.1330000004,
                1603471.7466000002
              ],
              [
                609508.7682999996,
                1603159.8027
              ]
            ]
          ]
        ]
      },
      "properties": {
        "district": "Davanagere",
        "taluk": "Davanagere",
        "village": "Alur",
        "survey_number": "185",
        "source": "Karnataka LRI"
      }
    },
    {
      "type": "Feature",
      "bbox": null,
      "geometry": {
        "type": "MultiPolygon",
        "coordinates": [
          [
            [
              [
                609458.6002000002,
                1603509.0064000003
              ],
              [
                609454.7018999998,
                1603466.3333
              ],
              [
                609419.5113000004,
                1603147.3186000008
              ],
              [
                609367.2637999998,
                1603160.8391999993
              ],
              [
                609410.5114000002,
                1603481.5823
              ],
              [
                609426.9277999997,
                1603525.9081999995
              ],
              [
                609458.6002000002,
                1603509.0064000003
              ]
            ]
          ]
        ]
      },
      "properties": {
        "district": "Davanagere",
        "taluk": "Davanagere",
        "village": "Alur",
        "survey_number": "186",
        "source": "Karnataka LRI"
      }
    },
    {
      "type": "Feature",
      "bbox": null,
      "geometry": {
        "type": "MultiPolygon",
        "coordinates": [
          [
            [
              [
                609519.1330000004,
                1603471.7466000002
              ],
              [
                609494.9437999995,
                1603471.2482999992
              ],
              [
                609478.3864000002,
                1603155.0373
              ],
              [
                609419.5113000004,
                1603147.3186000008
              ],
              [
                609454.7018999998,
                1603466.3333
              ],
              [
                609458.6002000002,
                1603509.0064000003
              ],
              [
                609460.8657999998,
                1603518.4684999995
              ],
              [
                609465.4058999997,
                1603537.6355000008
              ],
              [
                609486.2488000002,
                1603537.7364000008
              ],
              [
                609502.9566000002,
                1603536.7884999998
              ],
              [
                609525.6134000001,
                1603534.8180999998
              ],
              [
                609529.6698000003,
                1603755.6735999994
              ],
              [
                609530.6508999998,
                1603797.3165000007
              ],
              [
                609530.8997999998,
                1603807.3329000007
              ],
              [
                609563.7526000002,
                1603813.6032999996
              ],
              [
                609563.3490000004,
                1603803.1394999996
              ],
              [
                609551.6737000002,
                1603470.1081000008
              ],
              [
                609520.7822000002,
                1603471.6634999998
              ],
              [
                609519.1330000004,
                1603471.7466000002
              ]
            ]
          ]
        ]
      },
      "properties": {
        "district": "Davanagere",
        "taluk": "Davanagere",
        "village": "Alur",
        "survey_number": "187",
        "source": "Karnataka LRI"
      }
    },
    {
      "type": "Feature",
      "bbox": null,
      "geometry": {
        "type": "MultiPolygon",
        "coordinates": [
          [
            [
              [
                609502.9566000002,
                1603536.7884999998
              ],
              [
                609508.6471999995,
                1603662.0757
              ],
              [
                609508.2814999996,
                1603741.7336999997
              ],
              [
                609508.2366000004,
                1603793.3409000002
              ],
              [
                609508.2421000004,
                1603802.0927000009
              ],
              [
                609530.8997999998,
                1603807.3329000007
              ],
              [
                609530.6508999998,
                1603797.3165000007
              ],
              [
                609529.6698000003,
                1603755.6735999994
              ],
              [
                609525.6134000001,
                1603534.8180999998
              ],
              [
                609502.9566000002,
                1603536.7884999998
              ]
            ]
          ]
        ]
      },
      "properties": {
        "district": "Davanagere",
        "taluk": "Davanagere",
        "village": "Alur",
        "survey_number": "188",
        "source": "Karnataka LRI"
      }
    },
    {
      "type": "Feature",
      "bbox": null,
      "geometry": {
        "type": "MultiPolygon",
        "coordinates": [
          [
            [
              [
                609502.9566000002,
                1603536.7884999998
              ],
              [
                609486.2488000002,
                1603537.7364000008
              ],
              [
                609481.1986999996,
                1603583.443
              ],
              [
                609487.4433000004,
                1603649.1082000006
              ],
              [
                609487.4886999996,
                1603728.1758999992
              ],
              [
                609487.7681,
                1603789.6876999997
              ],
              [
                609487.8252999997,
                1603799.2312000003
              ],
              [
                609508.2421000004,
                1603802.0927000009
              ],
              [
                609508.2366000004,
                1603793.3409000002
              ],
              [
                609508.2814999996,
                1603741.7336999997
              ],
              [
                609508.6471999995,
                1603662.0757
              ],
              [
                609502.9566000002,
                1603536.7884999998
              ]
            ]
          ]
        ]
      },
      "properties": {
        "district": "Davanagere",
        "taluk": "Davanagere",
        "village": "Alur",
        "survey_number": "189",
        "source": "Karnataka LRI"
      }
    },
    {
      "type": "Feature",
      "bbox": null,
      "geometry": {
        "type": "MultiPolygon",
        "coordinates": [
          [
            [
              [
                609487.8252999997,
                1603799.2312000003
              ],
              [
                609487.7681,
                1603789.6876999997
              ],
              [
                609487.4886999996,
                1603728.1758999992
              ],
              [
                609487.4433000004,
                1603649.1082000006
              ],
              [
                609481.1986999996,
                1603583.443
              ],
              [
                609486.2488000002,
                1603537.7364000008
              ],
              [
                609465.4058999997,
                1603537.6355000008
              ],
              [
                609460.8657999998,
                1603518.4684999995
              ],
              [
                609458.6002000002,
                1603509.0064000003
              ],
              [
                609426.9277999997,
                1603525.9081999995
              ],
              [
                609371.9528999999,
                1603552.0131
              ],
              [
                609375.1030000001,
                1603560.7181000002
              ],
              [
                609383.9360999996,
                1603585.2868000008
              ],
              [
                609385.4696000004,
                1603661.4744000006
              ],
              [
                609387.9819,
                1603760.1777999997
              ],
              [
                609422.4752000002,
                1603768.3643999994
              ],
              [
                609423.5214999998,
                1603778.1260000002
              ],
              [
                609427.2131000003,
                1603812.3352000006
              ],
              [
                609487.8252999997,
                1603799.2312000003
              ]
            ]
          ]
        ]
      },
      "properties": {
        "district": "Davanagere",
        "taluk": "Davanagere",
        "village": "Alur",
        "survey_number": "190",
        "source": "Karnataka LRI"
      }
    },
    {
      "type": "Feature",
      "bbox": null,
      "geometry": {
        "type": "MultiPolygon",
        "coordinates": [
          [
            [
              [
                609371.9528999999,
                1603552.0131
              ],
              [
                609291.9469999997,
                1603578.3998000007
              ],
              [
                609270.9824000001,
                1603585.3982999995
              ],
              [
                609255.6508999998,
                1603590.5370000005
              ],
              [
                609272.5247999998,
                1603706.7059000004
              ],
              [
                609227.3323999997,
                1603758.7431000005
              ],
              [
                609348.0234000003,
                1603757.6854999997
              ],
              [
                609387.9819,
                1603760.1777999997
              ],
              [
                609385.4696000004,
                1603661.4744000006
              ],
              [
                609383.9360999996,
                1603585.2868000008
              ],
              [
                609375.1030000001,
                1603560.7181000002
              ],
              [
                609371.9528999999,
                1603552.0131
              ]
            ]
          ]
        ]
      },
      "properties": {
        "district": "Davanagere",
        "taluk": "Davanagere",
        "village": "Alur",
        "survey_number": "191",
        "source": "Karnataka LRI"
      }
    },
    {
      "type": "Feature",
      "bbox": null,
      "geometry": {
        "type": "MultiPolygon",
        "coordinates": [
          [
            [
              [
                609371.9528999999,
                1603552.0131
              ],
              [
                609426.9277999997,
                1603525.9081999995
              ],
              [
                609410.5114000002,
                1603481.5823
              ],
              [
                609367.2637999998,
                1603160.8391999993
              ],
              [
                609327.0615999997,
                1603183.6502999999
              ],
              [
                609290.0733000003,
                1603186.4294000007
              ],
              [
                609257.2876000004,
                1603146.2229999993
              ],
              [
                609215.6216000002,
                1603170.4300999995
              ],
              [
                609189.2794000003,
                1603240.8840999994
              ],
              [
                609163.5505999997,
                1603263.4794999994
              ],
              [
                609188.4875999996,
                1603395.0912999995
              ],
              [
                609219.9622999998,
                1603469.1316999998
              ],
              [
                609255.6508999998,
                1603590.5370000005
              ],
              [
                609270.9824000001,
                1603585.3982999995
              ],
              [
                609291.9469999997,
                1603578.3998000007
              ],
              [
                609371.9528999999,
                1603552.0131
              ]
            ]
          ]
        ]
      },
      "properties": {
        "district": "Davanagere",
        "taluk": "Davanagere",
        "village": "Alur",
        "survey_number": "192",
        "source": "Karnataka LRI"
      }
    },
    {
      "type": "Feature",
      "bbox": null,
      "geometry": {
        "type": "MultiPolygon",
        "coordinates": [
          [
            [
              [
                609227.3323999997,
                1603758.7431000005
              ],
              [
                609272.5247999998,
                1603706.7059000004
              ],
              [
                609255.6508999998,
                1603590.5370000005
              ],
              [
                609219.9622999998,
                1603469.1316999998
              ],
              [
                609116.2045,
                1603501.4315000009
              ],
              [
                609039.9391999999,
                1603551.5162000004
              ],
              [
                609048.0327000003,
                1603645.2810999993
              ],
              [
                609045.2324000001,
                1603715.1787999999
              ],
              [
                609051.7410000004,
                1603761.5154999997
              ],
              [
                609061.0217000004,
                1603816.2506000008
              ],
              [
                609112.1270000003,
                1603818.3509
              ],
              [
                609156.1629999997,
                1603820.0242999997
              ],
              [
                609203.2408999996,
                1603779.6838000007
              ],
              [
                609227.3323999997,
                1603758.7431000005
              ]
            ]
          ]
        ]
      },
      "properties": {
        "district": "Davanagere",
        "taluk": "Davanagere",
        "village": "Alur",
        "survey_number": "193",
        "source": "Karnataka LRI"
      }
    },
    {
      "type": "Feature",
      "bbox": null,
      "geometry": {
        "type": "MultiPolygon",
        "coordinates": [
          [
            [
              [
                609219.9622999998,
                1603469.1316999998
              ],
              [
                609188.4875999996,
                1603395.0912999995
              ],
              [
                609163.5505999997,
                1603263.4794999994
              ],
              [
                609146.6686000004,
                1603256.4035
              ],
              [
                609131.6135999998,
                1603251.0788000003
              ],
              [
                609098.3250000002,
                1603250.2195999995
              ],
              [
                609035.2494999999,
                1603248.1596000008
              ],
              [
                609031.0630999999,
                1603250.4543999992
              ],
              [
                609027.9094000002,
                1603376.6563000008
              ],
              [
                609039.9391999999,
                1603551.5162000004
              ],
              [
                609116.2045,
                1603501.4315000009
              ],
              [
                609219.9622999998,
                1603469.1316999998
              ]
            ]
          ]
        ]
      },
      "properties": {
        "district": "Davanagere",
        "taluk": "Davanagere",
        "village": "Alur",
        "survey_number": "194",
        "source": "Karnataka LRI"
      }
    },
    {
      "type": "Feature",
      "bbox": null,
      "geometry": {
        "type": "MultiPolygon",
        "coordinates": [
          [
            [
              [
                609039.9391999999,
                1603551.5162000004
              ],
              [
                609027.9094000002,
                1603376.6563000008
              ],
              [
                609031.0630999999,
                1603250.4543999992
              ],
              [
                609000.0130000003,
                1603248.7265000008
              ],
              [
                608965.8517000005,
                1603256.83
              ],
              [
                608950.0576,
                1603262.3904
              ],
              [
                608948.3323999997,
                1603262.9986000005
              ],
              [
                608952.6498999996,
                1603358.9536000006
              ],
              [
                608964.2027000003,
                1603449.6428999994
              ],
              [
                608955.8081999999,
                1603709.3280999996
              ],
              [
                609045.2324000001,
                1603715.1787999999
              ],
              [
                609048.0327000003,
                1603645.2810999993
              ],
              [
                609039.9391999999,
                1603551.5162000004
              ]
            ]
          ]
        ]
      },
      "properties": {
        "district": "Davanagere",
        "taluk": "Davanagere",
        "village": "Alur",
        "survey_number": "195",
        "source": "Karnataka LRI"
      }
    },
    {
      "type": "Feature",
      "bbox": null,
      "geometry": {
        "type": "MultiPolygon",
        "coordinates": [
          [
            [
              [
                608948.3323999997,
                1603262.9986000005
              ],
              [
                608945.5974000003,
                1603263.9629999995
              ],
              [
                608925.9255999997,
                1603255.9562999997
              ],
              [
                608910.0530000003,
                1603249.5588000007
              ],
              [
                608899.4072000002,
                1603249.4320999999
              ],
              [
                608886.6668999996,
                1603253.0089999996
              ],
              [
                608878.2161999997,
                1603259.4290999994
              ],
              [
                608864.8699000003,
                1603263.9438000005
              ],
              [
                608844.8617000002,
                1603272.4366999995
              ],
              [
                608826.2861000001,
                1603274.448999999
              ],
              [
                608811.9297000002,
                1603273.4036999997
              ],
              [
                608796.8874000004,
                1603267.701199999
              ],
              [
                608788.5569000002,
                1603262.0472
              ],
              [
                608777.6310999999,
                1603256.0898000002
              ],
              [
                608774.6827999996,
                1603254.4847999997
              ],
              [
                608765.0114000002,
                1603247.4474
              ],
              [
                608726.1173,
                1603261.5998999998
              ],
              [
                608726.0964000002,
                1603262.6026000008
              ],
              [
                608724.8415999999,
                1603323.9967999998
              ],
              [
                608718.9302000003,
                1603331.5821000002
              ],
              [
                608719.9566000002,
                1603358.5384999998
              ],
              [
                608723.4996999996,
                1603449.6030000001
              ],
              [
                608964.2027000003,
                1603449.6428999994
              ],
              [
                608952.6498999996,
                1603358.9536000006
              ],
              [
                608948.3323999997,
                1603262.9986000005
              ]
            ]
          ]
        ]
      },
      "properties": {
        "district": "Davanagere",
        "taluk": "Davanagere",
        "village": "Alur",
        "survey_number": "196",
        "source": "Karnataka LRI"
      }
    },
    {
      "type": "Feature",
      "bbox": null,
      "geometry": {
        "type": "MultiPolygon",
        "coordinates": [
          [
            [
              [
                608955.5220999997,
                1603215.0823999997
              ],
              [
                608957.3021,
                1603199.7317999993
              ],
              [
                608959.9221999999,
                1603177.2068000007
              ],
              [
                608798.6712999996,
                1603235.2489
              ],
              [
                608803.1896000002,
                1603238.3802000005
              ],
              [
                608815.8372,
                1603242.3779000007
              ],
              [
                608832.6864,
                1603241.8413999993
              ],
              [
                608844.1142999995,
                1603240.1109999996
              ],
              [
                608844.6045000004,
                1603240.0369000006
              ],
              [
                608872.2052999996,
                1603230.5206000004
              ],
              [
                608888.8027999997,
                1603222.5585999992
              ],
              [
                608909.1468000002,
                1603220.0262000002
              ],
              [
                608918.0975000001,
                1603219.6839000005
              ],
              [
                608927.5499,
                1603216.6809
              ],
              [
                608937.7039000001,
                1603215.3968000002
              ],
              [
                608946.7341999998,
                1603216.3005999997
              ],
              [
                608955.5220999997,
                1603215.0823999997
              ]
            ]
          ]
        ]
      },
      "properties": {
        "district": "Davanagere",
        "taluk": "Davanagere",
        "village": "Alur",
        "survey_number": "196",
        "source": "Karnataka LRI"
      }
    },
    {
      "type": "Feature",
      "bbox": null,
      "geometry": {
        "type": "MultiPolygon",
        "coordinates": [
          [
            [
              [
                608964.2027000003,
                1603449.6428999994
              ],
              [
                608723.4996999996,
                1603449.6030000001
              ],
              [
                608723.8015000001,
                1603458.1461999994
              ],
              [
                608742.6314000003,
                1603513.9118000008
              ],
              [
                608750.6643000003,
                1603610.2047000006
              ],
              [
                608750.6629999997,
                1603694.6773000006
              ],
              [
                608770.6284999996,
                1603696.085000001
              ],
              [
                608955.8081999999,
                1603709.3280999996
              ],
              [
                608964.2027000003,
                1603449.6428999994
              ]
            ]
          ]
        ]
      },
      "properties": {
        "district": "Davanagere",
        "taluk": "Davanagere",
        "village": "Alur",
        "survey_number": "197",
        "source": "Karnataka LRI"
      }
    },
    {
      "type": "Feature",
      "bbox": null,
      "geometry": {
        "type": "MultiPolygon",
        "coordinates": [
          [
            [
              [
                608723.4996999996,
                1603449.6030000001
              ],
              [
                608719.9566000002,
                1603358.5384999998
              ],
              [
                608718.9302000003,
                1603331.5821000002
              ],
              [
                608684.5813999996,
                1603363.8057000004
              ],
              [
                608699.7070000004,
                1603386.7891000006
              ],
              [
                608723.8015000001,
                1603458.1461999994
              ],
              [
                608723.4996999996,
                1603449.6030000001
              ]
            ]
          ]
        ]
      },
      "properties": {
        "district": "Davanagere",
        "taluk": "Davanagere",
        "village": "Alur",
        "survey_number": "199",
        "source": "Karnataka LRI"
      }
    },
    {
      "type": "Feature",
      "bbox": null,
      "geometry": {
        "type": "MultiPolygon",
        "coordinates": [
          [
            [
              [
                609045.2324000001,
                1603715.1787999999
              ],
              [
                608955.8081999999,
                1603709.3280999996
              ],
              [
                608770.6284999996,
                1603696.085000001
              ],
              [
                608750.6629999997,
                1603694.6773000006
              ],
              [
                608750.6619999995,
                1603752.4835
              ],
              [
                608803.7289000005,
                1603749.3256
              ],
              [
                609038.8025000002,
                1603760.7993
              ],
              [
                609051.7410000004,
                1603761.5154999997
              ],
              [
                609045.2324000001,
                1603715.1787999999
              ]
            ]
          ]
        ]
      },
      "properties": {
        "district": "Davanagere",
        "taluk": "Davanagere",
        "village": "Alur",
        "survey_number": "201",
        "source": "Karnataka LRI"
      }
    },
    {
      "type": "Feature",
      "bbox": null,
      "geometry": {
        "type": "MultiPolygon",
        "coordinates": [
          [
            [
              [
                609061.0217000004,
                1603816.2506000008
              ],
              [
                609051.7410000004,
                1603761.5154999997
              ],
              [
                609038.8025000002,
                1603760.7993
              ],
              [
                608803.7289000005,
                1603749.3256
              ],
              [
                608750.6619999995,
                1603752.4835
              ],
              [
                608750.6615000004,
                1603784.0657000002
              ],
              [
                608748.1387999998,
                1603810.5153
              ],
              [
                608929.6517000003,
                1603818.8680000007
              ],
              [
                609049.4687999999,
                1603816.4921000004
              ],
              [
                609061.0217000004,
                1603816.2506000008
              ]
            ]
          ]
        ]
      },
      "properties": {
        "district": "Davanagere",
        "taluk": "Davanagere",
        "village": "Alur",
        "survey_number": "202",
        "source": "Karnataka LRI"
      }
    },
    {
      "type": "Feature",
      "bbox": null,
      "geometry": {
        "type": "MultiPolygon",
        "coordinates": [
          [
            [
              [
                609156.1629999997,
                1603820.0242999997
              ],
              [
                609112.1270000003,
                1603818.3509
              ],
              [
                609061.0217000004,
                1603816.2506000008
              ],
              [
                609049.4687999999,
                1603816.4921000004
              ],
              [
                608929.6517000003,
                1603818.8680000007
              ],
              [
                608748.1387999998,
                1603810.5153
              ],
              [
                608743.2164000003,
                1603862.1256000008
              ],
              [
                608786.2708,
                1603865.2666999996
              ],
              [
                608916.0805000002,
                1603865.4083999991
              ],
              [
                609092.9083000002,
                1603878.7816000003
              ],
              [
                609156.1629999997,
                1603820.0242999997
              ]
            ]
          ]
        ]
      },
      "properties": {
        "district": "Davanagere",
        "taluk": "Davanagere",
        "village": "Alur",
        "survey_number": "203",
        "source": "Karnataka LRI"
      }
    },
    {
      "type": "Feature",
      "bbox": null,
      "geometry": {
        "type": "MultiPolygon",
        "coordinates": [
          [
            [
              [
                609075.0687999995,
                1603898.4897000007
              ],
              [
                609092.9083000002,
                1603878.7816000003
              ],
              [
                608916.0805000002,
                1603865.4083999991
              ],
              [
                608786.2708,
                1603865.2666999996
              ],
              [
                608743.2164000003,
                1603862.1256000008
              ],
              [
                608736.1359000001,
                1603936.3622999992
              ],
              [
                608752.7659,
                1603938.5165999997
              ],
              [
                609078.6039000005,
                1603948.9964000005
              ],
              [
                609075.0687999995,
                1603898.4897000007
              ]
            ]
          ]
        ]
      },
      "properties": {
        "district": "Davanagere",
        "taluk": "Davanagere",
        "village": "Alur",
        "survey_number": "204",
        "source": "Karnataka LRI"
      }
    },
    {
      "type": "Feature",
      "bbox": null,
      "geometry": {
        "type": "MultiPolygon",
        "coordinates": [
          [
            [
              [
                609427.2131000003,
                1603812.3352000006
              ],
              [
                609423.5214999998,
                1603778.1260000002
              ],
              [
                609422.4752000002,
                1603768.3643999994
              ],
              [
                609387.9819,
                1603760.1777999997
              ],
              [
                609348.0234000003,
                1603757.6854999997
              ],
              [
                609227.3323999997,
                1603758.7431000005
              ],
              [
                609203.2408999996,
                1603779.6838000007
              ],
              [
                609156.1629999997,
                1603820.0242999997
              ],
              [
                609092.9083000002,
                1603878.7816000003
              ],
              [
                609075.0687999995,
                1603898.4897000007
              ],
              [
                609106.9831999997,
                1603904.4174000006
              ],
              [
                609148.2175000003,
                1603903.8611999992
              ],
              [
                609199.4873000002,
                1603916.1893000007
              ],
              [
                609250.1794999996,
                1603913.2869000006
              ],
              [
                609382.4742,
                1603938.3948
              ],
              [
                609394.7340000002,
                1603920.1890999991
              ],
              [
                609396.9068,
                1603898.9971999992
              ],
              [
                609421.0314999996,
                1603898.9828999992
              ],
              [
                609427.2131000003,
                1603812.3352000006
              ]
            ]
          ]
        ]
      },
      "properties": {
        "district": "Davanagere",
        "taluk": "Davanagere",
        "village": "Alur",
        "survey_number": "205",
        "source": "Karnataka LRI"
      }
    },
    {
      "type": "Feature",
      "bbox": null,
      "geometry": {
        "type": "MultiPolygon",
        "coordinates": [
          [
            [
              [
                609382.4742,
                1603938.3948
              ],
              [
                609250.1794999996,
                1603913.2869000006
              ],
              [
                609199.4873000002,
                1603916.1893000007
              ],
              [
                609148.2175000003,
                1603903.8611999992
              ],
              [
                609106.9831999997,
                1603904.4174000006
              ],
              [
                609075.0687999995,
                1603898.4897000007
              ],
              [
                609078.6039000005,
                1603948.9964000005
              ],
              [
                609254.5569000002,
                1603960.487400001
              ],
              [
                609379.0730999997,
                1603965.6711
              ],
              [
                609382.4742,
                1603938.3948
              ]
            ]
          ]
        ]
      },
      "properties": {
        "district": "Davanagere",
        "taluk": "Davanagere",
        "village": "Alur",
        "survey_number": "206",
        "source": "Karnataka LRI"
      }
    },
    {
      "type": "Feature",
      "bbox": null,
      "geometry": {
        "type": "MultiPolygon",
        "coordinates": [
          [
            [
              [
                609377.8403000003,
                1603986.1841000002
              ],
              [
                609379.0730999997,
                1603965.6711
              ],
              [
                609254.5569000002,
                1603960.487400001
              ],
              [
                609078.6039000005,
                1603948.9964000005
              ],
              [
                609084.9050000003,
                1603985.2594000008
              ],
              [
                609089.0750000002,
                1603997.7774999999
              ],
              [
                609089.5681999996,
                1603999.260399999
              ],
              [
                609177.1364000002,
                1604006.2280000001
              ],
              [
                609264.0959999999,
                1603994.7447999995
              ],
              [
                609377.8403000003,
                1603986.1841000002
              ]
            ]
          ]
        ]
      },
      "properties": {
        "district": "Davanagere",
        "taluk": "Davanagere",
        "village": "Alur",
        "survey_number": "207",
        "source": "Karnataka LRI"
      }
    },
    {
      "type": "Feature",
      "bbox": null,
      "geometry": {
        "type": "MultiPolygon",
        "coordinates": [
          [
            [
              [
                609084.9050000003,
                1603985.2594000008
              ],
              [
                609078.6039000005,
                1603948.9964000005
              ],
              [
                608752.7659,
                1603938.5165999997
              ],
              [
                608736.1359000001,
                1603936.3622999992
              ],
              [
                608734.5893999999,
                1603952.5768
              ],
              [
                608735.7306000004,
                1603987.926000001
              ],
              [
                608756.6056000004,
                1603990.3379999995
              ],
              [
                609084.9050000003,
                1603985.2594000008
              ]
            ]
          ]
        ]
      },
      "properties": {
        "district": "Davanagere",
        "taluk": "Davanagere",
        "village": "Alur",
        "survey_number": "208",
        "source": "Karnataka LRI"
      }
    },
    {
      "type": "Feature",
      "bbox": null,
      "geometry": {
        "type": "MultiPolygon",
        "coordinates": [
          [
            [
              [
                609089.5681999996,
                1603999.260399999
              ],
              [
                609089.0750000002,
                1603997.7774999999
              ],
              [
                609084.9050000003,
                1603985.2594000008
              ],
              [
                608756.6056000004,
                1603990.3379999995
              ],
              [
                608735.7306000004,
                1603987.926000001
              ],
              [
                608736.4254000001,
                1604009.4494000003
              ],
              [
                608748.4396000002,
                1604010.4738999996
              ],
              [
                609089.5681999996,
                1603999.260399999
              ]
            ]
          ]
        ]
      },
      "properties": {
        "district": "Davanagere",
        "taluk": "Davanagere",
        "village": "Alur",
        "survey_number": "209",
        "source": "Karnataka LRI"
      }
    },
    {
      "type": "Feature",
      "bbox": null,
      "geometry": {
        "type": "MultiPolygon",
        "coordinates": [
          [
            [
              [
                609066.9967999998,
                1604020.7720999997
              ],
              [
                609094.6304000001,
                1604017.1230999995
              ],
              [
                609090.0504000001,
                1604000.9590000007
              ],
              [
                609089.5681999996,
                1603999.260399999
              ],
              [
                608748.4396000002,
                1604010.4738999996
              ],
              [
                608736.4254000001,
                1604009.4494000003
              ],
              [
                608737.2050999999,
                1604033.602499999
              ],
              [
                608755.4533000002,
                1604035.1005000006
              ],
              [
                609066.9967999998,
                1604020.7720999997
              ]
            ]
          ]
        ]
      },
      "properties": {
        "district": "Davanagere",
        "taluk": "Davanagere",
        "village": "Alur",
        "survey_number": "210",
        "source": "Karnataka LRI"
      }
    },
    {
      "type": "Feature",
      "bbox": null,
      "geometry": {
        "type": "MultiPolygon",
        "coordinates": [
          [
            [
              [
                608969.3927999996,
                1604040.2720999997
              ],
              [
                609004.0579000004,
                1604029.0833
              ],
              [
                609066.9967999998,
                1604020.7720999997
              ],
              [
                608755.4533000002,
                1604035.1005000006
              ],
              [
                608737.2050999999,
                1604033.602499999
              ],
              [
                608737.2662000004,
                1604035.4959999993
              ],
              [
                608745.3828999996,
                1604059.0475999992
              ],
              [
                608952.9216999998,
                1604043.9749999996
              ],
              [
                608969.3927999996,
                1604040.2720999997
              ]
            ]
          ]
        ]
      },
      "properties": {
        "district": "Davanagere",
        "taluk": "Davanagere",
        "village": "Alur",
        "survey_number": "211",
        "source": "Karnataka LRI"
      }
    },
    {
      "type": "Feature",
      "bbox": null,
      "geometry": {
        "type": "MultiPolygon",
        "coordinates": [
          [
            [
              [
                609177.1364000002,
                1604006.2280000001
              ],
              [
                609089.5681999996,
                1603999.260399999
              ],
              [
                609090.0504000001,
                1604000.9590000007
              ],
              [
                609094.6304000001,
                1604017.1230999995
              ],
              [
                609177.1364000002,
                1604006.2280000001
              ]
            ]
          ]
        ]
      },
      "properties": {
        "district": "Davanagere",
        "taluk": "Davanagere",
        "village": "Alur",
        "survey_number": "212",
        "source": "Karnataka LRI"
      }
    },
    {
      "type": "Feature",
      "bbox": null,
      "geometry": {
        "type": "MultiPolygon",
        "coordinates": [
          [
            [
              [
                608789.8424000004,
                1604098.2250999995
              ],
              [
                608969.3927999996,
                1604040.2720999997
              ],
              [
                608952.9216999998,
                1604043.9749999996
              ],
              [
                608745.3828999996,
                1604059.0475999992
              ],
              [
                608759.8815000001,
                1604101.1173
              ],
              [
                608789.8424000004,
                1604098.2250999995
              ]
            ]
          ]
        ]
      },
      "properties": {
        "district": "Davanagere",
        "taluk": "Davanagere",
        "village": "Alur",
        "survey_number": "214",
        "source": "Karnataka LRI"
      }
    },
    {
      "type": "Feature",
      "bbox": null,
      "geometry": {
        "type": "MultiPolygon",
        "coordinates": [
          [
            [
              [
                610866.6118999999,
                1603999.0907000005
              ],
              [
                610977.3212000001,
                1603797.8564
              ],
              [
                610922.7532000002,
                1603776.264799999
              ],
              [
                610912.9874,
                1603772.3928999994
              ],
              [
                610896.6067000004,
                1603765.8899000008
              ],
              [
                610887.9450000003,
                1603762.4454999994
              ],
              [
                610783.6045000004,
                1603722.5062000006
              ],
              [
                610781.8393999999,
                1603721.8647000007
              ],
              [
                610779.2281999998,
                1603731.987400001
              ],
              [
                610769.6485000001,
                1603769.2108999994
              ],
              [
                610767.2998000002,
                1603778.3144000005
              ],
              [
                610736.4168999996,
                1603895.9622000009
              ],
              [
                610730.9814999998,
                1603915.4712000005
              ],
              [
                610724.3459000001,
                1603938.8213999998
              ],
              [
                610721.8815000001,
                1603947.3714000005
              ],
              [
                610726.2764999997,
                1603949.8776999991
              ],
              [
                610838.1879000003,
                1604011.7504999992
              ],
              [
                610862.9670000002,
                1604000.0775000006
              ],
              [
                610866.6118999999,
                1603999.0907000005
              ]
            ]
          ]
        ]
      },
      "properties": {
        "district": "Davanagere",
        "taluk": "Davanagere",
        "village": "Alur",
        "survey_number": "279",
        "source": "Karnataka LRI"
      }
    },
    {
      "type": "Feature",
      "bbox": null,
      "geometry": {
        "type": "MultiPolygon",
        "coordinates": [
          [
            [
              [
                613097.6196999997,
                1603825.2103000004
              ],
              [
                612998.0707,
                1603805.9912
              ],
              [
                612792.8788000001,
                1603768.2316999994
              ],
              [
                612680.5343000004,
                1603748.6159000006
              ],
              [
                612669.2657000003,
                1603640.4275000002
              ],
              [
                612666.8567000004,
                1603617.3789000008
              ],
              [
                612645.6686000004,
                1603419.7097999994
              ],
              [
                612640.9347999999,
                1603376.2984999996
              ],
              [
                612505.2286,
                1603584.8160999995
              ],
              [
                612491.2372000003,
                1603606.4174000006
              ],
              [
                612376.6770000001,
                1603792.2760000005
              ],
              [
                612393.3716000002,
                1603802.5044999998
              ],
              [
                612560.7023999998,
                1603903.3370999992
              ],
              [
                612674.9983000001,
                1603941.3901000004
              ],
              [
                612791.1623999998,
                1603958.4537000004
              ],
              [
                612852.6612,
                1603958.4542999994
              ],
              [
                612938.0763999997,
                1603937.9821000006
              ],
              [
                612989.3265000004,
                1603900.4474
              ],
              [
                613071.3256999999,
                1603849.2641000003
              ],
              [
                613097.6196999997,
                1603825.2103000004
              ]
            ]
          ]
        ]
      },
      "properties": {
        "district": "Davanagere",
        "taluk": "Davanagere",
        "village": "Alur",
        "survey_number": "33",
        "source": "Karnataka LRI"
      }
    },
    {
      "type": "Feature",
      "bbox": null,
      "geometry": {
        "type": "MultiPolygon",
        "coordinates": [
          [
            [
              [
                610406.1183000002,
                1604214.3559000008
              ],
              [
                610143.0086000003,
                1604181.4354999997
              ],
              [
                610059.7013999997,
                1604171.1855999995
              ],
              [
                610135.2379999999,
                1604209.6197999995
              ],
              [
                610193.1268999996,
                1604230.1363999993
              ],
              [
                610247.4674000004,
                1604235.3741999995
              ],
              [
                610298.5785999997,
                1604229.517000001
              ],
              [
                610406.1183000002,
                1604214.3559000008
              ]
            ]
          ]
        ]
      },
      "properties": {
        "district": "Davanagere",
        "taluk": "Davanagere",
        "village": "Alur",
        "survey_number": "48",
        "source": "Karnataka LRI"
      }
    },
    {
      "type": "Feature",
      "bbox": null,
      "geometry": {
        "type": "MultiPolygon",
        "coordinates": [
          [
            [
              [
                610520.6272,
                1604198.2122000009
              ],
              [
                610371.3132999996,
                1604179.5208
              ],
              [
                610142.5613000002,
                1604151.0370000005
              ],
              [
                609995.5406999998,
                1604138.5397999994
              ],
              [
                610059.7013999997,
                1604171.1855999995
              ],
              [
                610143.0086000003,
                1604181.4354999997
              ],
              [
                610406.1183000002,
                1604214.3559000008
              ],
              [
                610520.6272,
                1604198.2122000009
              ]
            ]
          ]
        ]
      },
      "properties": {
        "district": "Davanagere",
        "taluk": "Davanagere",
        "village": "Alur",
        "survey_number": "49",
        "source": "Karnataka LRI"
      }
    },
    {
      "type": "Feature",
      "bbox": null,
      "geometry": {
        "type": "MultiPolygon",
        "coordinates": [
          [
            [
              [
                610598.4568999996,
                1604169.3387000002
              ],
              [
                610278.6442,
                1604143.2347999997
              ],
              [
                609951.7375999996,
                1604116.2522
              ],
              [
                609995.5406999998,
                1604138.5397999994
              ],
              [
                610142.5613000002,
                1604151.0370000005
              ],
              [
                610371.3132999996,
                1604179.5208
              ],
              [
                610520.6272,
                1604198.2122000009
              ],
              [
                610524.3326000003,
                1604197.6897999998
              ],
              [
                610598.4568999996,
                1604169.3387000002
              ]
            ]
          ]
        ]
      },
      "properties": {
        "district": "Davanagere",
        "taluk": "Davanagere",
        "village": "Alur",
        "survey_number": "50",
        "source": "Karnataka LRI"
      }
    },
    {
      "type": "Feature",
      "bbox": null,
      "geometry": {
        "type": "MultiPolygon",
        "coordinates": [
          [
            [
              [
                610685.3837000001,
                1604120.4692000002
              ],
              [
                610688.2987000002,
                1604106.5200999994
              ],
              [
                610111.7035999997,
                1604053.1108999997
              ],
              [
                609876.1207999997,
                1604046.9886000007
              ],
              [
                609804.7522,
                1604041.4640999995
              ],
              [
                609951.7375999996,
                1604116.2522
              ],
              [
                610278.6442,
                1604143.2347999997
              ],
              [
                610598.4568999996,
                1604169.3387000002
              ],
              [
                610649.1618999997,
                1604149.9451000001
              ],
              [
                610685.3837000001,
                1604120.4692000002
              ]
            ]
          ]
        ]
      },
      "properties": {
        "district": "Davanagere",
        "taluk": "Davanagere",
        "village": "Alur",
        "survey_number": "51",
        "source": "Karnataka LRI"
      }
    },
    {
      "type": "Feature",
      "bbox": null,
      "geometry": {
        "type": "MultiPolygon",
        "coordinates": [
          [
            [
              [
                610700.7718000002,
                1604045.0666000005
              ],
              [
                610407.0290999999,
                1604009.5014999993
              ],
              [
                610172.0339000002,
                1603999.4275000002
              ],
              [
                609896.5603,
                1604004.9605
              ],
              [
                609875.6096000001,
                1604004.8192999996
              ],
              [
                609876.1207999997,
                1604046.9886000007
              ],
              [
                610111.7035999997,
                1604053.1108999997
              ],
              [
                610688.2987000002,
                1604106.5200999994
              ],
              [
                610700.7718000002,
                1604045.0666000005
              ]
            ]
          ]
        ]
      },
      "properties": {
        "district": "Davanagere",
        "taluk": "Davanagere",
        "village": "Alur",
        "survey_number": "52",
        "source": "Karnataka LRI"
      }
    },
    {
      "type": "Feature",
      "bbox": null,
      "geometry": {
        "type": "MultiPolygon",
        "coordinates": [
          [
            [
              [
                610719.5872,
                1603955.2776999995
              ],
              [
                610383.3564999998,
                1603923.4900000002
              ],
              [
                610182.3256999999,
                1603923.5198999997
              ],
              [
                609908.0705000004,
                1603957.7280000001
              ],
              [
                609896.5603,
                1604004.9605
              ],
              [
                610172.0339000002,
                1603999.4275000002
              ],
              [
                610407.0290999999,
                1604009.5014999993
              ],
              [
                610700.7718000002,
                1604045.0666000005
              ],
              [
                610719.5872,
                1603955.2776999995
              ]
            ]
          ]
        ]
      },
      "properties": {
        "district": "Davanagere",
        "taluk": "Davanagere",
        "village": "Alur",
        "survey_number": "53",
        "source": "Karnataka LRI"
      }
    },
    {
      "type": "Feature",
      "bbox": null,
      "geometry": {
        "type": "MultiPolygon",
        "coordinates": [
          [
            [
              [
                610838.1879000003,
                1604011.7504999992
              ],
              [
                610726.2764999997,
                1603949.8776999991
              ],
              [
                610721.8815000001,
                1603947.3714000005
              ],
              [
                610719.5872,
                1603955.2776999995
              ],
              [
                610700.7718000002,
                1604045.0666000005
              ],
              [
                610688.2987000002,
                1604106.5200999994
              ],
              [
                610685.3837000001,
                1604120.4692000002
              ],
              [
                610792.5844999999,
                1604033.2333000004
              ],
              [
                610838.1879000003,
                1604011.7504999992
              ]
            ]
          ]
        ]
      },
      "properties": {
        "district": "Davanagere",
        "taluk": "Davanagere",
        "village": "Alur",
        "survey_number": "54",
        "source": "Karnataka LRI"
      }
    },
    {
      "type": "Feature",
      "bbox": null,
      "geometry": {
        "type": "MultiPolygon",
        "coordinates": [
          [
            [
              [
                611182.8543999996,
                1603445.9943000004
              ],
              [
                610949.6789999995,
                1603168.7389000002
              ],
              [
                610958.7243999997,
                1603192.0897000004
              ],
              [
                610989.1984000001,
                1603261.9542999994
              ],
              [
                611047.4625000004,
                1603397.5168999992
              ],
              [
                611073.7119000005,
                1603468.0337000005
              ],
              [
                611106.2511999998,
                1603523.2556999996
              ],
              [
                611126.0384,
                1603542.5219999999
              ],
              [
                611182.8543999996,
                1603445.9943000004
              ]
            ]
          ]
        ]
      },
      "properties": {
        "district": "Davanagere",
        "taluk": "Davanagere",
        "village": "Alur",
        "survey_number": "55",
        "source": "Karnataka LRI"
      }
    },
    {
      "type": "Feature",
      "bbox": null,
      "geometry": {
        "type": "MultiPolygon",
        "coordinates": [
          [
            [
              [
                611100.4960000003,
                1603585.9173000008
              ],
              [
                611126.0384,
                1603542.5219999999
              ],
              [
                611106.2511999998,
                1603523.2556999996
              ],
              [
                611073.7119000005,
                1603468.0337000005
              ],
              [
                611047.4623999996,
                1603397.5168999992
              ],
              [
                610989.1984000001,
                1603261.9542999994
              ],
              [
                610958.7243999997,
                1603192.0897000004
              ],
              [
                610949.6791000003,
                1603168.7389000002
              ],
              [
                610930.2631000001,
                1603145.6525999997
              ],
              [
                610925.7715999996,
                1603158.3718999997
              ],
              [
                610899.7345000003,
                1603257.6018000003
              ],
              [
                610874.5521999998,
                1603356.4114999995
              ],
              [
                610851.1730000004,
                1603442.9080999997
              ],
              [
                610847.5105999997,
                1603456.4749999996
              ],
              [
                610871.3432999998,
                1603464.0659999996
              ],
              [
                610872.3662,
                1603464.4013999999
              ],
              [
                610860.4797999999,
                1603512.6873000003
              ],
              [
                610834.8092999998,
                1603504.7896999996
              ],
              [
                610831.0752999997,
                1603523.4997000005
              ],
              [
                610931.4731000001,
                1603558.1435000002
              ],
              [
                610941.5732000005,
                1603561.6618000008
              ],
              [
                611055.6299,
                1603601.7485000007
              ],
              [
                611067.4447999997,
                1603605.9628999997
              ],
              [
                611086.4496999998,
                1603612.7364000008
              ],
              [
                611100.4960000003,
                1603585.9173000008
              ]
            ]
          ]
        ]
      },
      "properties": {
        "district": "Davanagere",
        "taluk": "Davanagere",
        "village": "Alur",
        "survey_number": "55",
        "source": "Karnataka LRI"
      }
    },
    {
      "type": "Feature",
      "bbox": null,
      "geometry": {
        "type": "MultiPolygon",
        "coordinates": [
          [
            [
              [
                611441.0745000001,
                1603800.9163000006
              ],
              [
                611295.4656999996,
                1603708.9968999997
              ],
              [
                611337.4222999997,
                1603750.9021000005
              ],
              [
                611418.1442999998,
                1603841.5545000006
              ],
              [
                611441.0745000001,
                1603800.9163000006
              ]
            ]
          ]
        ]
      },
      "properties": {
        "district": "Davanagere",
        "taluk": "Davanagere",
        "village": "Alur",
        "survey_number": "56",
        "source": "Karnataka LRI"
      }
    },
    {
      "type": "Feature",
      "bbox": null,
      "geometry": {
        "type": "MultiPolygon",
        "coordinates": [
          [
            [
              [
                611398.9792999998,
                1603875.5198999997
              ],
              [
                611418.1442999998,
                1603841.5545000006
              ],
              [
                611337.4222999997,
                1603750.9020000007
              ],
              [
                611295.4655999998,
                1603708.9968999997
              ],
              [
                611100.4960000003,
                1603585.9173000008
              ],
              [
                611086.4496999998,
                1603612.7364000008
              ],
              [
                610977.3212000001,
                1603797.8564
              ],
              [
                610866.6118999999,
                1603999.0907000005
              ],
              [
                611303.8543999996,
                1603880.7182999998
              ],
              [
                611398.9792999998,
                1603875.5198999997
              ]
            ]
          ]
        ]
      },
      "properties": {
        "district": "Davanagere",
        "taluk": "Davanagere",
        "village": "Alur",
        "survey_number": "56",
        "source": "Karnataka LRI"
      }
    },
    {
      "type": "Feature",
      "bbox": null,
      "geometry": {
        "type": "MultiPolygon",
        "coordinates": [
          [
            [
              [
                611554.0675999997,
                1603867.0452999994
              ],
              [
                611441.0745000001,
                1603800.9163000006
              ],
              [
                611418.1442999998,
                1603841.5545000006
              ],
              [
                611446.0961999996,
                1603872.9451000001
              ],
              [
                611554.0675999997,
                1603867.0452999994
              ]
            ]
          ]
        ]
      },
      "properties": {
        "district": "Davanagere",
        "taluk": "Davanagere",
        "village": "Alur",
        "survey_number": "57",
        "source": "Karnataka LRI"
      }
    },
    {
      "type": "Feature",
      "bbox": null,
      "geometry": {
        "type": "MultiPolygon",
        "coordinates": [
          [
            [
              [
                611418.1442999998,
                1603841.5545000006
              ],
              [
                611398.9792999998,
                1603875.5198999997
              ],
              [
                611446.0961999996,
                1603872.9451000001
              ],
              [
                611418.1442999998,
                1603841.5545000006
              ]
            ]
          ]
        ]
      },
      "properties": {
        "district": "Davanagere",
        "taluk": "Davanagere",
        "village": "Alur",
        "survey_number": "57",
        "source": "Karnataka LRI"
      }
    },
    {
      "type": "Feature",
      "bbox": null,
      "geometry": {
        "type": "MultiPolygon",
        "coordinates": [
          [
            [
              [
                612376.6770000001,
                1603792.2760000005
              ],
              [
                612351.5778000001,
                1603833.7124000005
              ],
              [
                612560.7023999998,
                1603903.3370999992
              ],
              [
                612393.3716000002,
                1603802.5044999998
              ],
              [
                612376.6770000001,
                1603792.2760000005
              ]
            ]
          ]
        ]
      },
      "properties": {
        "district": "Davanagere",
        "taluk": "Davanagere",
        "village": "Alur",
        "survey_number": "61",
        "source": "Karnataka LRI"
      }
    },
    {
      "type": "Feature",
      "bbox": null,
      "geometry": {
        "type": "MultiPolygon",
        "coordinates": [
          [
            [
              [
                612351.5778000001,
                1603833.7124000005
              ],
              [
                612376.6770000001,
                1603792.2760000005
              ],
              [
                612036.2367000002,
                1603577.1848000009
              ],
              [
                611876.4664000003,
                1603840.0385999996
              ],
              [
                611989.0845999997,
                1603843.5929000005
              ],
              [
                612010.3323999997,
                1603851.5505
              ],
              [
                612090.7611999996,
                1603791.2387000006
              ],
              [
                612145.4271999998,
                1603777.5900999997
              ],
              [
                612203.5100999996,
                1603784.4157999996
              ],
              [
                612285.5076000001,
                1603811.7153999992
              ],
              [
                612351.5778000001,
                1603833.7124000005
              ]
            ]
          ]
        ]
      },
      "properties": {
        "district": "Davanagere",
        "taluk": "Davanagere",
        "village": "Alur",
        "survey_number": "62",
        "source": "Karnataka LRI"
      }
    },
    {
      "type": "Feature",
      "bbox": null,
      "geometry": {
        "type": "MultiPolygon",
        "coordinates": [
          [
            [
              [
                611876.4664000003,
                1603840.0385999996
              ],
              [
                612036.2367000002,
                1603577.1848000009
              ],
              [
                611702.6465999996,
                1603365.5979999993
              ],
              [
                611441.0745000001,
                1603800.9163000006
              ],
              [
                611554.0675999997,
                1603867.0452999994
              ],
              [
                611570.7755000005,
                1603866.1324000005
              ],
              [
                611740.7554000001,
                1603842.2621
              ],
              [
                611862.9288999997,
                1603839.6114000008
              ],
              [
                611876.4664000003,
                1603840.0385999996
              ]
            ]
          ]
        ]
      },
      "properties": {
        "district": "Davanagere",
        "taluk": "Davanagere",
        "village": "Alur",
        "survey_number": "63",
        "source": "Karnataka LRI"
      }
    },
    {
      "type": "Feature",
      "bbox": null,
      "geometry": {
        "type": "MultiPolygon",
        "coordinates": [
          [
            [
              [
                611702.6465999996,
                1603365.5979999993
              ],
              [
                611364.8509,
                1603150.0372000001
              ],
              [
                611182.8543999996,
                1603445.9943000004
              ],
              [
                611126.0384,
                1603542.5219999999
              ],
              [
                611235.4129999997,
                1603649.0178999994
              ],
              [
                611295.4656999996,
                1603708.9968999997
              ],
              [
                611441.0745000001,
                1603800.9163000006
              ],
              [
                611702.6465999996,
                1603365.5979999993
              ]
            ]
          ]
        ]
      },
      "properties": {
        "district": "Davanagere",
        "taluk": "Davanagere",
        "village": "Alur",
        "survey_number": "64",
        "source": "Karnataka LRI"
      }
    },
    {
      "type": "Feature",
      "bbox": null,
      "geometry": {
        "type": "MultiPolygon",
        "coordinates": [
          [
            [
              [
                611126.0384,
                1603542.5219999999
              ],
              [
                611100.4960000003,
                1603585.9173000008
              ],
              [
                611295.4655999998,
                1603708.9968999997
              ],
              [
                611235.4129999997,
                1603649.0178999994
              ],
              [
                611126.0384,
                1603542.5219999999
              ]
            ]
          ]
        ]
      },
      "properties": {
        "district": "Davanagere",
        "taluk": "Davanagere",
        "village": "Alur",
        "survey_number": "64",
        "source": "Karnataka LRI"
      }
    },
    {
      "type": "Feature",
      "bbox": null,
      "geometry": {
        "type": "MultiPolygon",
        "coordinates": [
          [
            [
              [
                611364.8509,
                1603150.0372000001
              ],
              [
                611545.7301000003,
                1602859.8628000002
              ],
              [
                611631.2390000001,
                1602723.4905999992
              ],
              [
                611743.6360999998,
                1602558.5513000004
              ],
              [
                611429.1820999999,
                1602496.041099999
              ],
              [
                611437.881,
                1602531.1863000002
              ],
              [
                611453.0972999996,
                1602602.1973
              ],
              [
                611462.5591000002,
                1602653.5300999992
              ],
              [
                611480.0840999996,
                1602755.7853999995
              ],
              [
                611485.5800000001,
                1602789.0877999999
              ],
              [
                611456.6299,
                1602807.8158999998
              ],
              [
                611149.3441000003,
                1603006.3235
              ],
              [
                611101.5440999996,
                1602850.0428
              ],
              [
                610991.6035000002,
                1602925.7884
              ],
              [
                610882.2335000001,
                1603002.9868
              ],
              [
                610890.0020000003,
                1603019.8633999992
              ],
              [
                610919.2867,
                1603064.0065000001
              ],
              [
                610934.5236999998,
                1603112.3739999998
              ],
              [
                610937.2127,
                1603121.3310000002
              ],
              [
                610943.4869999997,
                1603151.784
              ],
              [
                610947.9688999997,
                1603164.3242000006
              ],
              [
                610949.6789999995,
                1603168.7389000002
              ],
              [
                611182.8543999996,
                1603445.9943000004
              ],
              [
                611364.8509,
                1603150.0372000001
              ]
            ]
          ]
        ]
      },
      "properties": {
        "district": "Davanagere",
        "taluk": "Davanagere",
        "village": "Alur",
        "survey_number": "65",
        "source": "Karnataka LRI"
      }
    },
    {
      "type": "Feature",
      "bbox": null,
      "geometry": {
        "type": "MultiPolygon",
        "coordinates": [
          [
            [
              [
                610882.2335000001,
                1603002.9868
              ],
              [
                610837.9610000001,
                1603034.236300001
              ],
              [
                610838.1867000004,
                1603034.6085
              ],
              [
                610925.2724000001,
                1603140.0802999996
              ],
              [
                610930.2631000001,
                1603145.6525999997
              ],
              [
                610949.6791000003,
                1603168.7389000002
              ],
              [
                610947.9688999997,
                1603164.3242000006
              ],
              [
                610943.4869999997,
                1603151.784
              ],
              [
                610937.2127,
                1603121.3310000002
              ],
              [
                610934.5236999998,
                1603112.3739999998
              ],
              [
                610919.2866000002,
                1603064.0065000001
              ],
              [
                610890.0020000003,
                1603019.8632999994
              ],
              [
                610882.2335000001,
                1603002.9868
              ]
            ]
          ]
        ]
      },
      "properties": {
        "district": "Davanagere",
        "taluk": "Davanagere",
        "village": "Alur",
        "survey_number": "65",
        "source": "Karnataka LRI"
      }
    },
    {
      "type": "Feature",
      "bbox": null,
      "geometry": {
        "type": "MultiPolygon",
        "coordinates": [
          [
            [
              [
                611969.6448999997,
                1602923.5361000001
              ],
              [
                611814.9287999999,
                1602831.2842999995
              ],
              [
                611631.2390000001,
                1602723.4905999992
              ],
              [
                611545.7301000003,
                1602859.8628000002
              ],
              [
                611364.8509,
                1603150.0372000001
              ],
              [
                611702.6465999996,
                1603365.5979999993
              ],
              [
                611969.6448999997,
                1602923.5361000001
              ]
            ]
          ]
        ]
      },
      "properties": {
        "district": "Davanagere",
        "taluk": "Davanagere",
        "village": "Alur",
        "survey_number": "66",
        "source": "Karnataka LRI"
      }
    },
    {
      "type": "Feature",
      "bbox": null,
      "geometry": {
        "type": "MultiPolygon",
        "coordinates": [
          [
            [
              [
                612155.3295,
                1603387.4973000009
              ],
              [
                612170.1187000005,
                1603363.8181999996
              ],
              [
                612314.8775000004,
                1603127.5161000006
              ],
              [
                611969.6448999997,
                1602923.5361000001
              ],
              [
                611702.6465999996,
                1603365.5979999993
              ],
              [
                612036.2367000002,
                1603577.1848000009
              ],
              [
                612155.3295,
                1603387.4973000009
              ]
            ]
          ]
        ]
      },
      "properties": {
        "district": "Davanagere",
        "taluk": "Davanagere",
        "village": "Alur",
        "survey_number": "67",
        "source": "Karnataka LRI"
      }
    },
    {
      "type": "Feature",
      "bbox": null,
      "geometry": {
        "type": "MultiPolygon",
        "coordinates": [
          [
            [
              [
                612491.2372000003,
                1603606.4174000006
              ],
              [
                612485.5928999996,
                1603599.1900999993
              ],
              [
                612473.6902999999,
                1603587.3107999992
              ],
              [
                612459.7335999999,
                1603577.7787999995
              ],
              [
                612439.2604,
                1603567.7041999996
              ],
              [
                612419.0516999997,
                1603560.0055
              ],
              [
                612402.3142999997,
                1603555.4111000001
              ],
              [
                612384.7906999998,
                1603549.4410999995
              ],
              [
                612364.6052999999,
                1603541.8430000003
              ],
              [
                612351.1621000003,
                1603533.8471000008
              ],
              [
                612332.2922,
                1603522.4107000008
              ],
              [
                612314.5296999998,
                1603507.0725999996
              ],
              [
                612296.7005000003,
                1603489.8121000007
              ],
              [
                612282.7961999997,
                1603475.2174999993
              ],
              [
                612266.3173000002,
                1603457.9330000002
              ],
              [
                612256.1379000004,
                1603448.5090999994
              ],
              [
                612241.5472999997,
                1603438.4179999996
              ],
              [
                612223.2094,
                1603429.4321999997
              ],
              [
                612207.8611000003,
                1603423.2985999994
              ],
              [
                612188.6670000004,
                1603415.2183999997
              ],
              [
                612172.6430000002,
                1603406.7260999996
              ],
              [
                612162.7845999999,
                1603397.2981000002
              ],
              [
                612155.3295,
                1603387.4973000009
              ],
              [
                612036.2367000002,
                1603577.1848000009
              ],
              [
                612376.6770000001,
                1603792.2760000005
              ],
              [
                612491.2372000003,
                1603606.4174000006
              ]
            ]
          ]
        ]
      },
      "properties": {
        "district": "Davanagere",
        "taluk": "Davanagere",
        "village": "Alur",
        "survey_number": "68",
        "source": "Karnataka LRI"
      }
    },
    {
      "type": "Feature",
      "bbox": null,
      "geometry": {
        "type": "MultiPolygon",
        "coordinates": [
          [
            [
              [
                612640.9347999999,
                1603376.2984999996
              ],
              [
                612643.0811999999,
                1603318.4580000006
              ],
              [
                612599.8547999999,
                1603266.4382000007
              ],
              [
                612555.1805999996,
                1603211.1279000007
              ],
              [
                612550.8099999996,
                1603167.1218999997
              ],
              [
                612314.8775000004,
                1603127.5161000006
              ],
              [
                612170.1187000005,
                1603363.8181999996
              ],
              [
                612179.9442999996,
                1603374.3397000004
              ],
              [
                612199.0543999998,
                1603388.5671999995
              ],
              [
                612216.4622999998,
                1603398.2796999998
              ],
              [
                612243.273,
                1603411.1267000008
              ],
              [
                612258.3176999995,
                1603418.1817000005
              ],
              [
                612272.9576000003,
                1603427.7314
              ],
              [
                612284.9265000001,
                1603436.5179999992
              ],
              [
                612290.3713999996,
                1603442.7197999991
              ],
              [
                612306.1501000002,
                1603458.3258999996
              ],
              [
                612323.3496000003,
                1603475.7084
              ],
              [
                612341.0690000001,
                1603492.7767999992
              ],
              [
                612359.2774,
                1603506.7585000005
              ],
              [
                612382.1042,
                1603518.3171999995
              ],
              [
                612403.6793999998,
                1603528.5746
              ],
              [
                612425.4813999999,
                1603534.9053000007
              ],
              [
                612444.5499,
                1603542.8785999995
              ],
              [
                612464.3770000003,
                1603552.5379000008
              ],
              [
                612485.1794999996,
                1603567.1459
              ],
              [
                612491.1933000004,
                1603571.7313
              ],
              [
                612505.2286,
                1603584.8160999995
              ],
              [
                612640.9347999999,
                1603376.2984999996
              ]
            ]
          ]
        ]
      },
      "properties": {
        "district": "Davanagere",
        "taluk": "Davanagere",
        "village": "Alur",
        "survey_number": "68",
        "source": "Karnataka LRI"
      }
    },
    {
      "type": "Feature",
      "bbox": null,
      "geometry": {
        "type": "MultiPolygon",
        "coordinates": [
          [
            [
              [
                612525.5442000004,
                1602924.3574
              ],
              [
                612521.6224999996,
                1602878.7685000002
              ],
              [
                612244.9029000001,
                1602508.8252000008
              ],
              [
                612235.7911,
                1602522.7469999995
              ],
              [
                611974.4533000002,
                1602916.4737
              ],
              [
                611969.6448999997,
                1602923.5361000001
              ],
              [
                612314.8775000004,
                1603127.5161000006
              ],
              [
                612550.8099999996,
                1603167.1218999997
              ],
              [
                612525.5442000004,
                1602924.3574
              ]
            ]
          ]
        ]
      },
      "properties": {
        "district": "Davanagere",
        "taluk": "Davanagere",
        "village": "Alur",
        "survey_number": "69",
        "source": "Karnataka LRI"
      }
    },
    {
      "type": "Feature",
      "bbox": null,
      "geometry": {
        "type": "MultiPolygon",
        "coordinates": [
          [
            [
              [
                612244.9029000001,
                1602508.8252000008
              ],
              [
                612081.8509999998,
                1602296.7964999992
              ],
              [
                612076.0484999996,
                1602298.7489
              ],
              [
                611987.5948000001,
                1602324.2010999992
              ],
              [
                611900.0339000002,
                1602314.3091000002
              ],
              [
                611743.6360999998,
                1602558.5513000004
              ],
              [
                611631.2390000001,
                1602723.4905999992
              ],
              [
                611814.9287999999,
                1602831.2842999995
              ],
              [
                611969.6448999997,
                1602923.5361000001
              ],
              [
                611974.4533000002,
                1602916.4737
              ],
              [
                612235.7911,
                1602522.7469999995
              ],
              [
                612244.9029000001,
                1602508.8252000008
              ]
            ]
          ]
        ]
      },
      "properties": {
        "district": "Davanagere",
        "taluk": "Davanagere",
        "village": "Alur",
        "survey_number": "70",
        "source": "Karnataka LRI"
      }
    },
    {
      "type": "Feature",
      "bbox": null,
      "geometry": {
        "type": "MultiPolygon",
        "coordinates": [
          [
            [
              [
                611900.0339000002,
                1602314.3091000002
              ],
              [
                611900.0411,
                1602312.8029999994
              ],
              [
                611900.4917000001,
                1602165.6526999995
              ],
              [
                611900.5182999996,
                1602156.8296000008
              ],
              [
                611891.1111000003,
                1602153.3292999994
              ],
              [
                611624.8306999998,
                1602059.3586999997
              ],
              [
                611605.7686000001,
                1602050.9240000006
              ],
              [
                611527.0741999997,
                1602133.0342999995
              ],
              [
                611568.3328,
                1602146.5041000005
              ],
              [
                611739.9517000001,
                1602197.8528000005
              ],
              [
                611767.3616000004,
                1602205.9024
              ],
              [
                611743.3361999998,
                1602294.2781000007
              ],
              [
                611440.8547999999,
                1602328.0417
              ],
              [
                611421.5445999997,
                1602330.9340000004
              ],
              [
                611398.1690999996,
                1602405.764799999
              ],
              [
                611361.2791999998,
                1602481.8357999995
              ],
              [
                611429.1820999999,
                1602496.041099999
              ],
              [
                611743.6360999998,
                1602558.5513000004
              ],
              [
                611900.0339000002,
                1602314.3091000002
              ]
            ]
          ]
        ]
      },
      "properties": {
        "district": "Davanagere",
        "taluk": "Davanagere",
        "village": "Alur",
        "survey_number": "71",
        "source": "Karnataka LRI"
      }
    },
    {
      "type": "Feature",
      "bbox": null,
      "geometry": {
        "type": "MultiPolygon",
        "coordinates": [
          [
            [
              [
                611527.0741999997,
                1602133.0342999995
              ],
              [
                611482.5432000002,
                1602261.2981000002
              ],
              [
                611438.5987,
                1602311.4573
              ],
              [
                611421.5445999997,
                1602330.9340000004
              ],
              [
                611440.8547999999,
                1602328.0417
              ],
              [
                611743.3361999998,
                1602294.2781000007
              ],
              [
                611767.3616000004,
                1602205.9024
              ],
              [
                611739.9517000001,
                1602197.8528000005
              ],
              [
                611568.3328,
                1602146.5041000005
              ],
              [
                611527.0741999997,
                1602133.0342999995
              ]
            ]
          ]
        ]
      },
      "properties": {
        "district": "Davanagere",
        "taluk": "Davanagere",
        "village": "Alur",
        "survey_number": "72",
        "source": "Karnataka LRI"
      }
    },
    {
      "type": "Feature",
      "bbox": null,
      "geometry": {
        "type": "MultiPolygon",
        "coordinates": [
          [
            [
              [
                611421.5445999997,
                1602330.9340000004
              ],
              [
                611438.5987,
                1602311.4573
              ],
              [
                611482.5432000002,
                1602261.2981000002
              ],
              [
                611527.0741999997,
                1602133.0342999995
              ],
              [
                611509.0670999996,
                1602118.489
              ],
              [
                611506.2757000001,
                1602116.2281
              ],
              [
                611411.7136000004,
                1602038.8417000007
              ],
              [
                611325.7021000003,
                1602095.3392999992
              ],
              [
                611304.6809999999,
                1602191.3068000004
              ],
              [
                611340.8936999999,
                1602401.0079999994
              ],
              [
                611374.3821999999,
                1602404.0063000005
              ],
              [
                611398.1690999996,
                1602405.764799999
              ],
              [
                611421.5445999997,
                1602330.9340000004
              ]
            ]
          ]
        ]
      },
      "properties": {
        "district": "Davanagere",
        "taluk": "Davanagere",
        "village": "Alur",
        "survey_number": "73",
        "source": "Karnataka LRI"
      }
    },
    {
      "type": "Feature",
      "bbox": null,
      "geometry": {
        "type": "MultiPolygon",
        "coordinates": [
          [
            [
              [
                611605.7686000001,
                1602050.9240000006
              ],
              [
                611599.5129000004,
                1602048.1627999991
              ],
              [
                611401.1124999998,
                1601957.9415000007
              ],
              [
                611411.7136000004,
                1602038.8417000007
              ],
              [
                611506.2757000001,
                1602116.2281
              ],
              [
                611509.0670999996,
                1602118.489
              ],
              [
                611527.0741999997,
                1602133.0342999995
              ],
              [
                611605.7686000001,
                1602050.9240000006
              ]
            ]
          ]
        ]
      },
      "properties": {
        "district": "Davanagere",
        "taluk": "Davanagere",
        "village": "Alur",
        "survey_number": "74",
        "source": "Karnataka LRI"
      }
    },
    {
      "type": "Feature",
      "bbox": null,
      "geometry": {
        "type": "MultiPolygon",
        "coordinates": [
          [
            [
              [
                611599.9453999996,
                1601811.3202999998
              ],
              [
                611477.6213999996,
                1601793.2617000006
              ],
              [
                611473.8371000001,
                1601811.8277000003
              ],
              [
                611376.8287000004,
                1601821.6845999993
              ],
              [
                611373.6723999996,
                1601822.3378999997
              ],
              [
                611368.8154999996,
                1601842.6300000008
              ],
              [
                611385.9442999996,
                1601931.8698999994
              ],
              [
                611614.5580000002,
                1602034.6077999994
              ],
              [
                611617.4030999998,
                1602028.4039999992
              ],
              [
                611683.4598000003,
                1601957.4246999994
              ],
              [
                611609.7620000001,
                1601828.7796
              ],
              [
                611599.9453999996,
                1601811.3202999998
              ]
            ]
          ]
        ]
      },
      "properties": {
        "district": "Davanagere",
        "taluk": "Davanagere",
        "village": "Alur",
        "survey_number": "75",
        "source": "Karnataka LRI"
      }
    },
    {
      "type": "Feature",
      "bbox": null,
      "geometry": {
        "type": "MultiPolygon",
        "coordinates": [
          [
            [
              [
                611951.7833000002,
                1601985.4732000008
              ],
              [
                611943.835,
                1601980.9748
              ],
              [
                611835.9644999998,
                1601927.6755
              ],
              [
                611599.9453999996,
                1601811.3202999998
              ],
              [
                611609.7620000001,
                1601828.7796
              ],
              [
                611683.4598000003,
                1601957.4246999994
              ],
              [
                611617.4030999998,
                1602028.4039999992
              ],
              [
                611614.5580000002,
                1602034.6077999994
              ],
              [
                611894.0861999998,
                1602136.4157999996
              ],
              [
                611901.6413000003,
                1602139.3446999993
              ],
              [
                611951.7833000002,
                1601985.4732000008
              ]
            ]
          ]
        ]
      },
      "properties": {
        "district": "Davanagere",
        "taluk": "Davanagere",
        "village": "Alur",
        "survey_number": "76",
        "source": "Karnataka LRI"
      }
    },
    {
      "type": "Feature",
      "bbox": null,
      "geometry": {
        "type": "MultiPolygon",
        "coordinates": [
          [
            [
              [
                611952.8816999998,
                1601981.9659000002
              ],
              [
                611974.6458,
                1601865.772500001
              ],
              [
                611989.3324999996,
                1601785.3445999995
              ],
              [
                612013.8578000003,
                1601637.8606000002
              ],
              [
                611654.7487000003,
                1601510.570699999
              ],
              [
                611483.4800000004,
                1601477.2655999996
              ],
              [
                611423.3136,
                1601611.0091999993
              ],
              [
                611419.8317999998,
                1601620.6948000006
              ],
              [
                611373.7322000004,
                1601822.0872000009
              ],
              [
                611373.6723999996,
                1601822.3378999997
              ],
              [
                611376.8287000004,
                1601821.6845999993
              ],
              [
                611473.8371000001,
                1601811.8277000003
              ],
              [
                611477.6213999996,
                1601793.2617000006
              ],
              [
                611599.9453999996,
                1601811.3202999998
              ],
              [
                611835.9644999998,
                1601927.6755
              ],
              [
                611943.835,
                1601980.9748
              ],
              [
                611951.7833000002,
                1601985.4732000008
              ],
              [
                611952.8816999998,
                1601981.9659000002
              ]
            ]
          ]
        ]
      },
      "properties": {
        "district": "Davanagere",
        "taluk": "Davanagere",
        "village": "Alur",
        "survey_number": "77",
        "source": "Karnataka LRI"
      }
    },
    {
      "type": "Feature",
      "bbox": null,
      "geometry": {
        "type": "MultiPolygon",
        "coordinates": [
          [
            [
              [
                612016.0184000004,
                1601624.8465999998
              ],
              [
                612000.2024999997,
                1601404.4433999993
              ],
              [
                611999.3169999998,
                1601392.544399999
              ],
              [
                611980.9665999999,
                1601152.3573000003
              ],
              [
                611972.1662999997,
                1601041.0996000003
              ],
              [
                611968.6980999997,
                1601000.2247000001
              ],
              [
                611889.8197999997,
                1601015.0867999997
              ],
              [
                611815.1013000002,
                1601033.4941000007
              ],
              [
                611756.5506999996,
                1601060.4509999994
              ],
              [
                611735.2753999997,
                1601070.385399999
              ],
              [
                611714.3773999996,
                1601084.9377999995
              ],
              [
                611697.2289000005,
                1601100.7537999991
              ],
              [
                611683.3289000001,
                1601107.6973
              ],
              [
                611666.6243000003,
                1601342.2475000005
              ],
              [
                611665.6670000004,
                1601355.738500001
              ],
              [
                611654.7487000003,
                1601510.570699999
              ],
              [
                612013.8578000003,
                1601637.8606000002
              ],
              [
                612016.0184000004,
                1601624.8465999998
              ]
            ]
          ]
        ]
      },
      "properties": {
        "district": "Davanagere",
        "taluk": "Davanagere",
        "village": "Alur",
        "survey_number": "78",
        "source": "Karnataka LRI"
      }
    },
    {
      "type": "Feature",
      "bbox": null,
      "geometry": {
        "type": "MultiPolygon",
        "coordinates": [
          [
            [
              [
                611683.3289000001,
                1601107.6973
              ],
              [
                611673.4846000001,
                1601112.6149000004
              ],
              [
                611653.6984999999,
                1601120.5220999997
              ],
              [
                611633.9111000001,
                1601123.1583999991
              ],
              [
                611552.1256999997,
                1601150.1752000004
              ],
              [
                611259.2833000002,
                1601246.3840999994
              ],
              [
                611126.0528999995,
                1601280.6493999995
              ],
              [
                611019.2055000002,
                1601286.5791999996
              ],
              [
                610973.0186000001,
                1601291.4875000007
              ],
              [
                611060.3366999999,
                1601315.3325999994
              ],
              [
                611091.4435999999,
                1601325.9329000004
              ],
              [
                611276.8607000001,
                1601395.522500001
              ],
              [
                611298.7340000002,
                1601405.2584000006
              ],
              [
                611483.4800000004,
                1601477.2655999996
              ],
              [
                611654.7487000003,
                1601510.570699999
              ],
              [
                611665.6670000004,
                1601355.738500001
              ],
              [
                611666.6243000003,
                1601342.2475000005
              ],
              [
                611683.3289000001,
                1601107.6973
              ]
            ]
          ]
        ]
      },
      "properties": {
        "district": "Davanagere",
        "taluk": "Davanagere",
        "village": "Alur",
        "survey_number": "79",
        "source": "Karnataka LRI"
      }
    },
    {
      "type": "Feature",
      "bbox": null,
      "geometry": {
        "type": "MultiPolygon",
        "coordinates": [
          [
            [
              [
                611024.0687999995,
                1601446.2394999992
              ],
              [
                611018.2625000002,
                1601409.1339999996
              ],
              [
                611016.2445999999,
                1601395.7389000002
              ],
              [
                611083.6928000003,
                1601332.4901
              ],
              [
                611091.4435999999,
                1601325.9329000004
              ],
              [
                611060.3366999999,
                1601315.3325999994
              ],
              [
                610973.0186000001,
                1601291.4875000007
              ],
              [
                610895.2089999998,
                1601299.7564000003
              ],
              [
                610876.1151999999,
                1601299.2907999996
              ],
              [
                610754.2812000001,
                1601444.3079000004
              ],
              [
                611001.9605999999,
                1601446.5792999994
              ],
              [
                611006.6982000005,
                1601446.5063000005
              ],
              [
                611024.0687999995,
                1601446.2394999992
              ]
            ]
          ]
        ]
      },
      "properties": {
        "district": "Davanagere",
        "taluk": "Davanagere",
        "village": "Alur",
        "survey_number": "80",
        "source": "Karnataka LRI"
      }
    },
    {
      "type": "Feature",
      "bbox": null,
      "geometry": {
        "type": "MultiPolygon",
        "coordinates": [
          [
            [
              [
                610982.5027999999,
                1601641.5166999996
              ],
              [
                611005.4572000001,
                1601613.3348999992
              ],
              [
                611010.3552999999,
                1601607.3527000006
              ],
              [
                611023.6377999997,
                1601591.2465000004
              ],
              [
                611024.0687999995,
                1601446.2394999992
              ],
              [
                611006.6982000005,
                1601446.5063000005
              ],
              [
                611001.9605999999,
                1601446.5792999994
              ],
              [
                610754.2812000001,
                1601444.3079000004
              ],
              [
                610753.1843999997,
                1601456.8275000006
              ],
              [
                610754.6977000004,
                1601462.2288000006
              ],
              [
                610760.4068999998,
                1601480.4848999996
              ],
              [
                610762.6908,
                1601499.8818999995
              ],
              [
                610767.1482999995,
                1601604.8727000002
              ],
              [
                610766.9913999997,
                1601626.6228
              ],
              [
                610841.2895999998,
                1601634.8884999994
              ],
              [
                610884.2759999996,
                1601639.3388999999
              ],
              [
                610954.3777999999,
                1601645.8588999994
              ],
              [
                610975.1601999998,
                1601647.5304000005
              ],
              [
                610982.5027999999,
                1601641.5166999996
              ]
            ]
          ]
        ]
      },
      "properties": {
        "district": "Davanagere",
        "taluk": "Davanagere",
        "village": "Alur",
        "survey_number": "81",
        "source": "Karnataka LRI"
      }
    },
    {
      "type": "Feature",
      "bbox": null,
      "geometry": {
        "type": "MultiPolygon",
        "coordinates": [
          [
            [
              [
                610753.1843999997,
                1601456.8275000006
              ],
              [
                610738.5861999998,
                1601623.4627999999
              ],
              [
                610766.9913999997,
                1601626.6227000002
              ],
              [
                610767.1482999995,
                1601604.8727000002
              ],
              [
                610762.6908,
                1601499.8818999995
              ],
              [
                610760.4068999998,
                1601480.4847999997
              ],
              [
                610754.6977000004,
                1601462.2288000006
              ],
              [
                610753.1843999997,
                1601456.8275000006
              ]
            ]
          ]
        ]
      },
      "properties": {
        "district": "Davanagere",
        "taluk": "Davanagere",
        "village": "Alur",
        "survey_number": "81",
        "source": "Karnataka LRI"
      }
    },
    {
      "type": "Feature",
      "bbox": null,
      "geometry": {
        "type": "MultiPolygon",
        "coordinates": [
          [
            [
              [
                611071.9057,
                1601610.2336999997
              ],
              [
                611224.1256999997,
                1601554.3893999998
              ],
              [
                611231.6655000001,
                1601539.5329999998
              ],
              [
                611298.7340000002,
                1601405.2584000006
              ],
              [
                611276.8607000001,
                1601395.522500001
              ],
              [
                611091.4435999999,
                1601325.9329000004
              ],
              [
                611083.6928000003,
                1601332.4901
              ],
              [
                611016.2445999999,
                1601395.7389000002
              ],
              [
                611018.2625000002,
                1601409.1339999996
              ],
              [
                611024.0687999995,
                1601446.2394999992
              ],
              [
                611023.6377999997,
                1601591.2465000004
              ],
              [
                611010.3552999999,
                1601607.3527000006
              ],
              [
                611005.4572000001,
                1601613.3348999992
              ],
              [
                610982.5027999999,
                1601641.5166999996
              ],
              [
                611071.9057,
                1601610.2336999997
              ]
            ]
          ]
        ]
      },
      "properties": {
        "district": "Davanagere",
        "taluk": "Davanagere",
        "village": "Alur",
        "survey_number": "82",
        "source": "Karnataka LRI"
      }
    },
    {
      "type": "Feature",
      "bbox": null,
      "geometry": {
        "type": "MultiPolygon",
        "coordinates": [
          [
            [
              [
                611483.4800000004,
                1601477.2655999996
              ],
              [
                611298.7340000002,
                1601405.2584000006
              ],
              [
                611231.6655000001,
                1601539.5329999998
              ],
              [
                611224.1256999997,
                1601554.3893999998
              ],
              [
                611241.1073000003,
                1601551.9649999999
              ],
              [
                611419.8317999998,
                1601620.6948000006
              ],
              [
                611423.3136,
                1601611.0091999993
              ],
              [
                611483.4800000004,
                1601477.2655999996
              ]
            ]
          ]
        ]
      },
      "properties": {
        "district": "Davanagere",
        "taluk": "Davanagere",
        "village": "Alur",
        "survey_number": "83",
        "source": "Karnataka LRI"
      }
    },
    {
      "type": "Feature",
      "bbox": null,
      "geometry": {
        "type": "MultiPolygon",
        "coordinates": [
          [
            [
              [
                611373.6723999996,
                1601822.3378999997
              ],
              [
                611373.7322000004,
                1601822.0872000009
              ],
              [
                611419.8317999998,
                1601620.6948000006
              ],
              [
                611241.1073000003,
                1601551.9649999999
              ],
              [
                611224.1256999997,
                1601554.3893999998
              ],
              [
                611071.9057,
                1601610.2336999997
              ],
              [
                611040.1107000001,
                1601779.0892999992
              ],
              [
                611229.7199999997,
                1601861.6998999994
              ],
              [
                611373.6723999996,
                1601822.3378999997
              ]
            ]
          ]
        ]
      },
      "properties": {
        "district": "Davanagere",
        "taluk": "Davanagere",
        "village": "Alur",
        "survey_number": "84",
        "source": "Karnataka LRI"
      }
    },
    {
      "type": "Feature",
      "bbox": null,
      "geometry": {
        "type": "MultiPolygon",
        "coordinates": [
          [
            [
              [
                611086.4496999998,
                1603612.7364000008
              ],
              [
                611067.4447999997,
                1603605.9628999997
              ],
              [
                611055.6299,
                1603601.7485000007
              ],
              [
                610941.5732000005,
                1603561.6618000008
              ],
              [
                610931.4731000001,
                1603558.1435000002
              ],
              [
                610831.0752999997,
                1603523.4997000005
              ],
              [
                610829.2747999998,
                1603530.8844000008
              ],
              [
                610828.1733999997,
                1603536.109099999
              ],
              [
                610824.6277000001,
                1603549.9514000006
              ],
              [
                610814.3863000004,
                1603589.9688000008
              ],
              [
                610803.4374000002,
                1603637.6963999998
              ],
              [
                610781.8393999999,
                1603721.8647000007
              ],
              [
                610783.6045000004,
                1603722.5062000006
              ],
              [
                610887.9450000003,
                1603762.4454999994
              ],
              [
                610896.6067000004,
                1603765.8899000008
              ],
              [
                610912.9874,
                1603772.3928999994
              ],
              [
                610922.7532000002,
                1603776.264799999
              ],
              [
                610977.3212000001,
                1603797.8564
              ],
              [
                611086.4496999998,
                1603612.7364000008
              ]
            ]
          ]
        ]
      },
      "properties": {
        "district": "Davanagere",
        "taluk": "Davanagere",
        "village": "Alur",
        "survey_number": "85",
        "source": "Karnataka LRI"
      }
    },
    {
      "type": "Feature",
      "bbox": null,
      "geometry": {
        "type": "MultiPolygon",
        "coordinates": [
          [
            [
              [
                611373.6723999996,
                1601822.3378999997
              ],
              [
                611229.7199999997,
                1601861.6998999994
              ],
              [
                611250.7618000004,
                1601871.2887999993
              ],
              [
                611385.9442999996,
                1601931.8698999994
              ],
              [
                611368.8154999996,
                1601842.6300000008
              ],
              [
                611373.6723999996,
                1601822.3378999997
              ]
            ]
          ]
        ]
      },
      "properties": {
        "district": "Davanagere",
        "taluk": "Davanagere",
        "village": "Alur",
        "survey_number": "86",
        "source": "Karnataka LRI"
      }
    },
    {
      "type": "Feature",
      "bbox": null,
      "geometry": {
        "type": "MultiPolygon",
        "coordinates": [
          [
            [
              [
                611411.7136000004,
                1602038.8417000007
              ],
              [
                611401.1124999998,
                1601957.9415000007
              ],
              [
                611217.3766999999,
                1601880.2959000003
              ],
              [
                611103.5291999998,
                1601917.6962000001
              ],
              [
                611155.3339,
                1602091.759299999
              ],
              [
                611325.7021000003,
                1602095.3392999992
              ],
              [
                611411.7136000004,
                1602038.8417000007
              ]
            ]
          ]
        ]
      },
      "properties": {
        "district": "Davanagere",
        "taluk": "Davanagere",
        "village": "Alur",
        "survey_number": "87",
        "source": "Karnataka LRI"
      }
    },
    {
      "type": "Feature",
      "bbox": null,
      "geometry": {
        "type": "MultiPolygon",
        "coordinates": [
          [
            [
              [
                611304.6809999999,
                1602191.3068000004
              ],
              [
                611325.7021000003,
                1602095.3392999992
              ],
              [
                611155.3339,
                1602091.759299999
              ],
              [
                611148.9841,
                1602180.1674000006
              ],
              [
                611149.0630999999,
                1602196.2200000007
              ],
              [
                611304.6809999999,
                1602191.3068000004
              ]
            ]
          ]
        ]
      },
      "properties": {
        "district": "Davanagere",
        "taluk": "Davanagere",
        "village": "Alur",
        "survey_number": "88",
        "source": "Karnataka LRI"
      }
    },
    {
      "type": "Feature",
      "bbox": null,
      "geometry": {
        "type": "MultiPolygon",
        "coordinates": [
          [
            [
              [
                611149.0630999999,
                1602196.2200000007
              ],
              [
                611148.9841,
                1602180.1674000006
              ],
              [
                611155.3339,
                1602091.759299999
              ],
              [
                611103.5291999998,
                1601917.6962000001
              ],
              [
                611017.1107000001,
                1601943.9598999992
              ],
              [
                611014.5403000005,
                1601950.3734000009
              ],
              [
                610984.2109000003,
                1602042.8373000007
              ],
              [
                610929.3295999998,
                1602208.8430000003
              ],
              [
                610910.9408,
                1602361.9498999994
              ],
              [
                610934.6704000002,
                1602372.1267000008
              ],
              [
                610991.8279999997,
                1602395.8044000007
              ],
              [
                611020.9101,
                1602283.7961
              ],
              [
                611044.8236999996,
                1602198.0529999994
              ],
              [
                611149.0630999999,
                1602196.2200000007
              ]
            ]
          ]
        ]
      },
      "properties": {
        "district": "Davanagere",
        "taluk": "Davanagere",
        "village": "Alur",
        "survey_number": "89",
        "source": "Karnataka LRI"
      }
    },
    {
      "type": "Feature",
      "bbox": null,
      "geometry": {
        "type": "MultiPolygon",
        "coordinates": [
          [
            [
              [
                611340.8936999999,
                1602401.0079999994
              ],
              [
                611304.6809999999,
                1602191.3068000004
              ],
              [
                611149.0630999999,
                1602196.2200000007
              ],
              [
                611044.8236999996,
                1602198.0529999994
              ],
              [
                611020.9101,
                1602283.7961
              ],
              [
                610991.8279999997,
                1602395.8044000007
              ],
              [
                611038.3466999996,
                1602418.4893999994
              ],
              [
                611020.0944999997,
                1602511.4814999998
              ],
              [
                611159.6359000001,
                1602526.0384
              ],
              [
                611196.0744000003,
                1602398.8263000008
              ],
              [
                611340.8936999999,
                1602401.0079999994
              ]
            ]
          ]
        ]
      },
      "properties": {
        "district": "Davanagere",
        "taluk": "Davanagere",
        "village": "Alur",
        "survey_number": "90",
        "source": "Karnataka LRI"
      }
    },
    {
      "type": "Feature",
      "bbox": null,
      "geometry": {
        "type": "MultiPolygon",
        "coordinates": [
          [
            [
              [
                611159.2494999999,
                1602624.716
              ],
              [
                611159.6359000001,
                1602526.0384
              ],
              [
                611020.0944999997,
                1602511.4814999998
              ],
              [
                611017.6394999996,
                1602586.7488000002
              ],
              [
                611015.9381999997,
                1602648.2908999994
              ],
              [
                611080.6270000003,
                1602641.326199999
              ],
              [
                611145.1732999999,
                1602626.7864999995
              ],
              [
                611159.2494999999,
                1602624.716
              ]
            ]
          ]
        ]
      },
      "properties": {
        "district": "Davanagere",
        "taluk": "Davanagere",
        "village": "Alur",
        "survey_number": "91",
        "source": "Karnataka LRI"
      }
    },
    {
      "type": "Feature",
      "bbox": null,
      "geometry": {
        "type": "MultiPolygon",
        "coordinates": [
          [
            [
              [
                611200.7233999996,
                1602612.8911000006
              ],
              [
                611357.5285,
                1602489.3388999999
              ],
              [
                611358.6964999996,
                1602487.0051000006
              ],
              [
                611361.2791999998,
                1602481.8357999995
              ],
              [
                611398.1690999996,
                1602405.764799999
              ],
              [
                611374.3821999999,
                1602404.0063000005
              ],
              [
                611340.8936999999,
                1602401.0079999994
              ],
              [
                611196.0744000003,
                1602398.8263000008
              ],
              [
                611159.6359000001,
                1602526.0384
              ],
              [
                611159.2494999999,
                1602624.716
              ],
              [
                611185.8645000001,
                1602617.1247000005
              ],
              [
                611200.7233999996,
                1602612.8911000006
              ]
            ]
          ]
        ]
      },
      "properties": {
        "district": "Davanagere",
        "taluk": "Davanagere",
        "village": "Alur",
        "survey_number": "92",
        "source": "Karnataka LRI"
      }
    },
    {
      "type": "Feature",
      "bbox": null,
      "geometry": {
        "type": "MultiPolygon",
        "coordinates": [
          [
            [
              [
                611429.1820999999,
                1602496.041099999
              ],
              [
                611361.2791999998,
                1602481.8357999995
              ],
              [
                611358.6964999996,
                1602487.0051000006
              ],
              [
                611357.5285,
                1602489.3388999999
              ],
              [
                611200.7233999996,
                1602612.8911000006
              ],
              [
                611191.8461999996,
                1602633.8510999996
              ],
              [
                611147.1118000001,
                1602710.4667000007
              ],
              [
                611161.5473999996,
                1602709.8748000003
              ],
              [
                611207.9681000002,
                1602700.196799999
              ],
              [
                611241.3635,
                1602696.1886999998
              ],
              [
                611259.1809999999,
                1602698.6645
              ],
              [
                611283.3279999997,
                1602709.2978000008
              ],
              [
                611249.7943000002,
                1602708.4167999998
              ],
              [
                611237.0097000003,
                1602710.8346999995
              ],
              [
                611210.4395000003,
                1602716.0752000008
              ],
              [
                611175.5026000002,
                1602724.5545000006
              ],
              [
                611150.4622,
                1602729.3871999998
              ],
              [
                611135.3391000004,
                1602730.4791
              ],
              [
                611130.7703999998,
                1602738.2310000006
              ],
              [
                611107.0027999999,
                1602746.3938999996
              ],
              [
                611061.5674,
                1602799.8562000003
              ],
              [
                610997.0872,
                1602816.5993000008
              ],
              [
                610885.7401,
                1602861.0887000002
              ],
              [
                610972.7542000003,
                1602915.6053
              ],
              [
                610991.6035000002,
                1602925.7884
              ],
              [
                611101.5440999996,
                1602850.0428
              ],
              [
                611149.3441000003,
                1603006.3235
              ],
              [
                611456.6299,
                1602807.8158999998
              ],
              [
                611485.5800000001,
                1602789.0877999999
              ],
              [
                611480.0840999996,
                1602755.7853999995
              ],
              [
                611462.5591000002,
                1602653.5300999992
              ],
              [
                611453.0972999996,
                1602602.1973
              ],
              [
                611437.881,
                1602531.1863000002
              ],
              [
                611429.1820999999,
                1602496.041099999
              ]
            ]
          ]
        ]
      },
      "properties": {
        "district": "Davanagere",
        "taluk": "Davanagere",
        "village": "Alur",
        "survey_number": "93",
        "source": "Karnataka LRI"
      }
    },
    {
      "type": "Feature",
      "bbox": null,
      "geometry": {
        "type": "MultiPolygon",
        "coordinates": [
          [
            [
              [
                610991.6035000002,
                1602925.7884
              ],
              [
                610972.7542000003,
                1602915.6053
              ],
              [
                610885.7401,
                1602861.0887000002
              ],
              [
                610818.8925999999,
                1602876.1918000001
              ],
              [
                610817.4733999996,
                1602877.8095999993
              ],
              [
                610839.7753999997,
                1602909.4411999993
              ],
              [
                610853.1689999998,
                1602937.3254000004
              ],
              [
                610864.3306,
                1602964.0940000005
              ],
              [
                610882.2335000001,
                1603002.9868
              ],
              [
                610991.6035000002,
                1602925.7884
              ]
            ]
          ]
        ]
      },
      "properties": {
        "district": "Davanagere",
        "taluk": "Davanagere",
        "village": "Alur",
        "survey_number": "94",
        "source": "Karnataka LRI"
      }
    },
    {
      "type": "Feature",
      "bbox": null,
      "geometry": {
        "type": "MultiPolygon",
        "coordinates": [
          [
            [
              [
                610930.2631000001,
                1603145.6525999997
              ],
              [
                610925.2724000001,
                1603140.0802999996
              ],
              [
                610838.1867000004,
                1603034.6085
              ],
              [
                610837.9610000001,
                1603034.236300001
              ],
              [
                610882.2335000001,
                1603002.9868
              ],
              [
                610864.3306999998,
                1602964.0940000005
              ],
              [
                610853.1689999998,
                1602937.3254000004
              ],
              [
                610839.7753999997,
                1602909.4411999993
              ],
              [
                610817.4733999996,
                1602877.8095999993
              ],
              [
                610762.9296000004,
                1602939.9833000004
              ],
              [
                610711.2906,
                1602976.0234999992
              ],
              [
                610699.8055999996,
                1602986.0374999996
              ],
              [
                610616.6268999996,
                1603060.1925000008
              ],
              [
                610621.6968,
                1603064.0954999998
              ],
              [
                610787.5195000004,
                1603189.1809
              ],
              [
                610841.2602000004,
                1603257.034
              ],
              [
                610895.7314999998,
                1603257.4930000007
              ],
              [
                610899.7345000003,
                1603257.6018000003
              ],
              [
                610925.7715999996,
                1603158.3718999997
              ],
              [
                610930.2631000001,
                1603145.6525999997
              ]
            ]
          ]
        ]
      },
      "properties": {
        "district": "Davanagere",
        "taluk": "Davanagere",
        "village": "Alur",
        "survey_number": "94",
        "source": "Karnataka LRI"
      }
    },
    {
      "type": "Feature",
      "bbox": null,
      "geometry": {
        "type": "MultiPolygon",
        "coordinates": [
          [
            [
              [
                610899.7345000003,
                1603257.6018000003
              ],
              [
                610895.7314999998,
                1603257.4930000007
              ],
              [
                610841.2602000004,
                1603257.034
              ],
              [
                610787.5195000004,
                1603189.1809
              ],
              [
                610621.6968,
                1603064.0954999998
              ],
              [
                610616.6268999996,
                1603060.1925000008
              ],
              [
                610578.0729999999,
                1603086.7237
              ],
              [
                610552.9999000002,
                1603142.7672000006
              ],
              [
                610510.3398000002,
                1603164.6654000003
              ],
              [
                610517.2566999998,
                1603177.852499999
              ],
              [
                610541.9648000002,
                1603224.9329000004
              ],
              [
                610872.1211999999,
                1603355.5756
              ],
              [
                610874.5521999998,
                1603356.4114999995
              ],
              [
                610899.7345000003,
                1603257.6018000003
              ]
            ]
          ]
        ]
      },
      "properties": {
        "district": "Davanagere",
        "taluk": "Davanagere",
        "village": "Alur",
        "survey_number": "95",
        "source": "Karnataka LRI"
      }
    },
    {
      "type": "Feature",
      "bbox": null,
      "geometry": {
        "type": "MultiPolygon",
        "coordinates": [
          [
            [
              [
                610874.5521999998,
                1603356.4114999995
              ],
              [
                610872.1211999999,
                1603355.5756
              ],
              [
                610541.9648000002,
                1603224.9329000004
              ],
              [
                610517.2566999998,
                1603177.852499999
              ],
              [
                610510.3398000002,
                1603164.6654000003
              ],
              [
                610389.1612999998,
                1603266.1191000007
              ],
              [
                610381.7346999999,
                1603272.3871
              ],
              [
                610326.4781,
                1603321.0307
              ],
              [
                610336.1699000001,
                1603323.6877999995
              ],
              [
                610626.7401,
                1603400.2550000008
              ],
              [
                610847.5105999997,
                1603456.4749999996
              ],
              [
                610851.1730000004,
                1603442.9080999997
              ],
              [
                610874.5521999998,
                1603356.4114999995
              ]
            ]
          ]
        ]
      },
      "properties": {
        "district": "Davanagere",
        "taluk": "Davanagere",
        "village": "Alur",
        "survey_number": "96",
        "source": "Karnataka LRI"
      }
    },
    {
      "type": "Feature",
      "bbox": null,
      "geometry": {
        "type": "MultiPolygon",
        "coordinates": [
          [
            [
              [
                610847.5105999997,
                1603456.4749999996
              ],
              [
                610626.7401,
                1603400.2550000008
              ],
              [
                610336.1699000001,
                1603323.6877999995
              ],
              [
                610326.4781,
                1603321.0307
              ],
              [
                610281.1536999997,
                1603362.3494000006
              ],
              [
                610293.3261000002,
                1603365.5954
              ],
              [
                610834.7808999997,
                1603504.7810999993
              ],
              [
                610834.8092999998,
                1603504.7896999996
              ],
              [
                610860.4797999999,
                1603512.6873000003
              ],
              [
                610872.3662,
                1603464.4013999999
              ],
              [
                610871.3432999998,
                1603464.0659999996
              ],
              [
                610847.5105999997,
                1603456.4749999996
              ]
            ]
          ]
        ]
      },
      "properties": {
        "district": "Davanagere",
        "taluk": "Davanagere",
        "village": "Alur",
        "survey_number": "97",
        "source": "Karnataka LRI"
      }
    },
    {
      "type": "Feature",
      "bbox": null,
      "geometry": {
        "type": "MultiPolygon",
        "coordinates": [
          [
            [
              [
                610831.0752999997,
                1603523.4997000005
              ],
              [
                610834.8092999998,
                1603504.7896999996
              ],
              [
                610834.7808999997,
                1603504.7810999993
              ],
              [
                610293.3261000002,
                1603365.5954
              ],
              [
                610281.1536999997,
                1603362.3494000006
              ],
              [
                610266.5471999999,
                1603371.7665999997
              ],
              [
                610207.0691,
                1603421.8509999998
              ],
              [
                610228.4132000003,
                1603429.3188000005
              ],
              [
                610300.5066999998,
                1603454.2677999996
              ],
              [
                610480.8940000003,
                1603478.9066000003
              ],
              [
                610828.0087000001,
                1603536.0777000003
              ],
              [
                610828.1733999997,
                1603536.109099999
              ],
              [
                610829.2747999998,
                1603530.8844000008
              ],
              [
                610831.0752999997,
                1603523.4997000005
              ]
            ]
          ]
        ]
      },
      "properties": {
        "district": "Davanagere",
        "taluk": "Davanagere",
        "village": "Alur",
        "survey_number": "98",
        "source": "Karnataka LRI"
      }
    },
    {
      "type": "Feature",
      "bbox": null,
      "geometry": {
        "type": "MultiPolygon",
        "coordinates": [
          [
            [
              [
                610444.5892000003,
                1603774.9387999997
              ],
              [
                610357.5835999995,
                1603540.0161000006
              ],
              [
                610300.5066999998,
                1603454.2677999996
              ],
              [
                610228.4132000003,
                1603429.3188000005
              ],
              [
                610207.0691,
                1603421.8509999998
              ],
              [
                610202.7923999997,
                1603421.6150000002
              ],
              [
                610175.6837999998,
                1603471.4455999993
              ],
              [
                610179.1293000001,
                1603478.1961000003
              ],
              [
                610329.6092999997,
                1603785.8309000004
              ],
              [
                610333.9966000002,
                1603794.3178000003
              ],
              [
                610345.6743000001,
                1603814.0382000003
              ],
              [
                610366.0129000004,
                1603806.0395
              ],
              [
                610444.5892000003,
                1603774.9387999997
              ]
            ]
          ]
        ]
      },
      "properties": {
        "district": "Davanagere",
        "taluk": "Davanagere",
        "village": "Alur",
        "survey_number": "99",
        "source": "Karnataka LRI"
      }
    }
  ]
}